city,country,continent,latitude,longitude,reel_count,is_island,platform_url
New York,United States,North America,40.7602,-73.9761,47,false,https://bestroadtrip.com/map/united-states/new-york
Dubai,United Arab Emirates,Asia,25.1972,55.2744,33,false,https://bestroadtrip.com/map/united-arab-emirates/dubai
Paris,France,Europe,48.8584,2.2945,28,false,https://bestroadtrip.com/map/france/paris
Greater London,United Kingdom,Europe,51.5454,-0.1762,25,true,https://bestroadtrip.com/map/united-kingdom/greater-london
London,United Kingdom,Europe,51.4769,-0.0005,23,true,https://bestroadtrip.com/map/united-kingdom/london
Kathmandu,Nepal,Asia,27.6992,85.3383,19,false,https://bestroadtrip.com/map/nepal/kathmandu
Bangkok,Thailand,Asia,13.7261,100.5108,19,false,https://bestroadtrip.com/map/thailand/bangkok
Minato City,Japan,Asia,35.6586,139.7454,16,true,https://bestroadtrip.com/map/japan/minato-city
Cusco,Peru,South America,-13.5146,-71.9781,16,false,https://bestroadtrip.com/map/peru/cusco
Leticia,Colombia,South America,-4.2150,-69.9406,14,false,https://bestroadtrip.com/map/colombia/leticia
Kuala Lumpur,Malaysia,Asia,3.1579,101.7114,14,false,https://bestroadtrip.com/map/malaysia/kuala-lumpur
Muang Pattaya,Thailand,Asia,12.9487,100.8942,14,false,https://bestroadtrip.com/map/thailand/muang-pattaya
Ubud,Indonesia,Asia,-8.3865,115.2686,13,true,https://bestroadtrip.com/map/indonesia/ubud
Sapporo,Japan,Asia,43.0889,141.2717,13,true,https://bestroadtrip.com/map/japan/sapporo
Centro,Brasil,Unknown,-22.9107,-43.1807,12,false,https://bestroadtrip.com/map/brazil/centro
Quito,Ecuador,South America,-0.1821,-78.4847,12,false,https://bestroadtrip.com/map/ecuador/quito
Kyoto,Japan,Asia,34.9677,135.7792,12,true,https://bestroadtrip.com/map/japan/kyoto
Santorini,Greece,Europe,36.4614,25.3752,11,false,https://bestroadtrip.com/map/greece/santorini
Kabupaten Badung,Indonesia,Asia,-8.6655,115.1381,11,true,https://bestroadtrip.com/map/indonesia/kabupaten-badung
Shibuya,Japan,Asia,35.6603,139.7008,11,true,https://bestroadtrip.com/map/japan/shibuya
Malé,Maldives,Unknown,4.2468,73.4693,11,true,https://bestroadtrip.com/map/maldives/male
Lagos,Nigeria,Africa,6.4456,3.4069,11,false,https://bestroadtrip.com/map/nigeria/lagos
Toronto,Canada,North America,43.6511,-79.3774,10,false,https://bestroadtrip.com/map/canada/toronto
Medellín,Colombia,South America,6.2557,-75.6186,10,false,https://bestroadtrip.com/map/colombia/medellin
Berlin,Germany,Europe,52.5138,13.3926,10,false,https://bestroadtrip.com/map/germany/berlin
Chuo City,Japan,Asia,35.6865,139.7861,10,true,https://bestroadtrip.com/map/japan/chuo-city
Taito City,Japan,Asia,35.7160,139.7729,10,true,https://bestroadtrip.com/map/japan/taito-city
Singapore,Singapore,Asia,1.3521,103.8198,10,true,https://bestroadtrip.com/map/singapore/singapore
Barcelona,Spain,Europe,41.3818,2.1719,10,false,https://bestroadtrip.com/map/spain/barcelona
Buenos Aires,Argentina,South America,-34.6012,-58.3833,9,false,https://bestroadtrip.com/map/argentina/buenos-aires
Roma,Italia,Unknown,41.8967,12.4822,9,false,https://bestroadtrip.com/map/italy/roma
Abuja,Nigeria,Africa,9.0723,7.4913,9,false,https://bestroadtrip.com/map/nigeria/abuja
Madrid,Spain,Europe,40.4154,-3.7094,9,false,https://bestroadtrip.com/map/spain/madrid
Budapest,Hungary,Europe,47.5076,19.0459,8,false,https://bestroadtrip.com/map/hungary/budapest
Poznań,Poland,Europe,52.4012,16.9280,8,false,https://bestroadtrip.com/map/poland/poznan
Chiang Mai,Thailand,Asia,18.8855,99.0665,8,false,https://bestroadtrip.com/map/thailand/chiang-mai
Edinburgh,United Kingdom,Europe,55.9486,-3.1931,8,true,https://bestroadtrip.com/map/united-kingdom/edinburgh
Glasgow,United Kingdom,Europe,55.8617,-4.2583,8,true,https://bestroadtrip.com/map/united-kingdom/glasgow
Ho Chi Minh City,Vietnam,Asia,11.1445,106.4630,8,false,https://bestroadtrip.com/map/vietnam/ho-chi-minh-city
Thành phố Hồ Chí Minh,Vietnam,Asia,10.7881,106.7047,8,false,https://bestroadtrip.com/map/vietnam/thanh-pho-ho-chi-minh
Última Esperanza,Chile,South America,-51.4164,-73.1101,7,false,https://bestroadtrip.com/map/chile/ultima-esperanza
Quepos,Costa Rica,North America,9.4022,-84.1532,7,false,https://bestroadtrip.com/map/costa-rica/quepos
Canggu,Indonesia,Asia,-8.6537,115.1332,7,true,https://bestroadtrip.com/map/indonesia/canggu
Osaka,Japan,Asia,34.6688,135.5030,7,true,https://bestroadtrip.com/map/japan/osaka
Cape Town,South Africa,Africa,-33.9628,18.4098,7,false,https://bestroadtrip.com/map/south-africa/cape-town
Jongno District,South Korea,Asia,37.5807,127.0075,7,false,https://bestroadtrip.com/map/south-korea/jongno-district
Abu Dhabi,United Arab Emirates,Asia,24.4120,54.4749,7,false,https://bestroadtrip.com/map/united-arab-emirates/abu-dhabi
Florianópolis,Brasil,Unknown,-27.5692,-48.4606,6,false,https://bestroadtrip.com/map/brazil/florianopolis
Krong Siem Reap,Cambodia,Asia,13.3524,103.8586,6,false,https://bestroadtrip.com/map/cambodia/krong-siem-reap
Santiago,Chile,South America,-33.4460,-70.6660,6,false,https://bestroadtrip.com/map/chile/santiago
Hong Kong,China,Asia,22.3126,114.0416,6,false,https://bestroadtrip.com/map/china/hong-kong
La Fortuna,Costa Rica,North America,10.4686,-84.6533,6,false,https://bestroadtrip.com/map/costa-rica/la-fortuna
San Salvador,El Salvador,North America,13.6937,-89.2428,6,false,https://bestroadtrip.com/map/el-salvador/san-salvador
Jaipur,India,Asia,26.7677,75.8497,6,false,https://bestroadtrip.com/map/india/jaipur
Venice,Italy,Europe,45.4342,12.3364,6,false,https://bestroadtrip.com/map/italy/venice
Shinjuku City,Japan,Asia,35.7048,139.7364,6,true,https://bestroadtrip.com/map/japan/shinjuku-city
Tambon Bo Put,Thailand,Asia,9.5386,100.0561,6,false,https://bestroadtrip.com/map/thailand/tambon-bo-put
Providencia,Chile,South America,-33.4461,-70.6262,5,false,https://bestroadtrip.com/map/chile/providencia
Puerto Natales,Chile,South America,-51.0481,-73.1641,5,false,https://bestroadtrip.com/map/chile/puerto-natales
Beijing,China,Asia,39.9163,116.3972,5,false,https://bestroadtrip.com/map/china/beijing
Bogotá,Colombia,South America,4.7110,-74.0721,5,false,https://bestroadtrip.com/map/colombia/bogota
Ciudad de Guatemala,Guatemala,North America,14.5837,-90.5227,5,false,https://bestroadtrip.com/map/guatemala/ciudad-de-guatemala
New Territories,Hong Kong,Unknown,22.3130,114.0413,5,false,https://bestroadtrip.com/map/hong-kong/new-territories
Kota Jakarta Selatan,Indonesia,Asia,-6.2446,106.8006,5,true,https://bestroadtrip.com/map/indonesia/kota-jakarta-selatan
Ciudad de México,Mexico,North America,19.3552,-99.1625,5,false,https://bestroadtrip.com/map/mexico/ciudad-de-mexico
Marrakech,Morocco,Africa,31.6295,-7.9811,5,false,https://bestroadtrip.com/map/morocco/marrakech
Marrakesh,Morocco,Africa,31.6225,-7.9898,5,false,https://bestroadtrip.com/map/morocco/marrakesh
Machu Picchu,Peru,South America,-13.1631,-72.5450,5,false,https://bestroadtrip.com/map/peru/machu-picchu
Urubamba,Peru,South America,-13.3041,-72.1156,5,false,https://bestroadtrip.com/map/peru/urubamba
Doha,Qatar,Asia,25.2854,51.5310,5,false,https://bestroadtrip.com/map/qatar/doha
Surat Thani,Thailand,Asia,8.9175,98.5236,5,false,https://bestroadtrip.com/map/thailand/surat-thani
Highland Council,United Kingdom,Europe,58.5631,-4.7200,5,true,https://bestroadtrip.com/map/united-kingdom/highland-council
Las Heras,Argentina,South America,-32.6532,-70.0109,4,false,https://bestroadtrip.com/map/argentina/las-heras
Manaus,Brazil,South America,-3.1072,-60.0261,4,false,https://bestroadtrip.com/map/brazil/manaus
Las Condes,Chile,South America,-33.4078,-70.5682,4,false,https://bestroadtrip.com/map/chile/las-condes
Cartagena de Indias,Colombia,South America,10.4235,-75.5507,4,false,https://bestroadtrip.com/map/colombia/cartagena-de-indias
Guatape,Colombia,South America,6.2199,-75.1796,4,false,https://bestroadtrip.com/map/colombia/guatape
San Andrés,Colombia,South America,12.5805,-81.6916,4,false,https://bestroadtrip.com/map/colombia/san-andres
Santa Marta,Colombia,South America,11.3689,-74.0517,4,false,https://bestroadtrip.com/map/colombia/santa-marta
Miami,Estados Unidos,Unknown,25.6468,-80.4124,4,false,https://bestroadtrip.com/map/united-states/miami
Bora Bora,French Polynesia,Unknown,-16.5004,-151.7415,4,false,https://bestroadtrip.com/map/french-polynesia/bora-bora
Hyderabad,India,Asia,17.3302,78.4676,4,false,https://bestroadtrip.com/map/india/hyderabad
New Delhi,India,Asia,28.6139,77.2088,4,false,https://bestroadtrip.com/map/india/new-delhi
Capri,Italy,Europe,40.5556,14.2216,4,false,https://bestroadtrip.com/map/italy/capri
Milan,Italy,Europe,45.4706,9.1793,4,false,https://bestroadtrip.com/map/italy/milan
Chiyoda City,Japan,Asia,35.6862,139.7450,4,true,https://bestroadtrip.com/map/japan/chiyoda-city
Matsumoto,Japan,Asia,36.2488,137.6381,4,true,https://bestroadtrip.com/map/japan/matsumoto
Nara,Japan,Asia,34.6813,135.8308,4,true,https://bestroadtrip.com/map/japan/nara
Otaru,Japan,Asia,43.1906,141.0078,4,true,https://bestroadtrip.com/map/japan/otaru
Lalitpur,Nepal,Asia,27.6837,85.3125,4,false,https://bestroadtrip.com/map/nepal/lalitpur
Maastricht,Netherlands,Europe,50.8501,5.6899,4,false,https://bestroadtrip.com/map/netherlands/maastricht
Lima,Peru,South America,-12.1211,-77.0296,4,false,https://bestroadtrip.com/map/peru/lima
Lisboa,Portugal,Europe,38.6916,-9.2160,4,false,https://bestroadtrip.com/map/portugal/lisboa
Seodaemun-gu,South Korea,Asia,37.5596,126.9460,4,false,https://bestroadtrip.com/map/south-korea/seodaemun-gu
Kaohsiung City,Taiwan,Asia,22.6249,120.2812,4,true,https://bestroadtrip.com/map/taiwan/kaohsiung-city
Pattaya City,Thailand,Asia,12.8322,100.9662,4,false,https://bestroadtrip.com/map/thailand/pattaya-city
Tambon Mae Nam,Thailand,Asia,9.5700,100.0003,4,false,https://bestroadtrip.com/map/thailand/tambon-mae-nam
Fethiye,Türkiye,Unknown,36.6592,29.1263,4,false,https://bestroadtrip.com/map/turkey/fethiye
Manchester,United Kingdom,Europe,53.4847,-2.2004,4,true,https://bestroadtrip.com/map/united-kingdom/manchester
Chicago,United States,North America,41.8939,-87.6246,4,false,https://bestroadtrip.com/map/united-states/chicago
Las Vegas,United States,North America,36.1126,-115.1767,4,false,https://bestroadtrip.com/map/united-states/las-vegas
St. Louis,United States,North America,38.6270,-90.1994,4,false,https://bestroadtrip.com/map/united-states/st-louis
Washington,United States,North America,38.8894,-77.0405,4,false,https://bestroadtrip.com/map/united-states/washington
Vienna,Austria,Europe,48.2100,16.3573,3,false,https://bestroadtrip.com/map/austria/vienna
Brussels,Belgium,Europe,50.8429,4.3576,3,false,https://bestroadtrip.com/map/belgium/brussels
Barra da Tijuca,Brasil,Unknown,-22.9993,-43.3607,3,false,https://bestroadtrip.com/map/brazil/barra-da-tijuca
Jardim Botânico,Brasil,Unknown,-22.9638,-43.2222,3,false,https://bestroadtrip.com/map/brazil/jardim-botanico
Santa Teresa,Brasil,Unknown,-22.9206,-43.1896,3,false,https://bestroadtrip.com/map/brazil/santa-teresa
Santo Antonio de Lisboa,Brasil,Unknown,-27.5107,-48.5125,3,false,https://bestroadtrip.com/map/brazil/santo-antonio-de-lisboa
Rio de Janeiro,Brazil,South America,-22.9519,-43.2105,3,false,https://bestroadtrip.com/map/brazil/rio-de-janeiro
Improvement District No. 9,Canada,North America,51.3217,-116.1860,3,false,https://bestroadtrip.com/map/canada/improvement-district-no-9
Niagara Falls,Canada,North America,43.0848,-79.0784,3,false,https://bestroadtrip.com/map/canada/niagara-falls
Vitacura,Chile,South America,-33.3551,-70.5670,3,false,https://bestroadtrip.com/map/chile/vitacura
Macau,China,Asia,22.1881,113.5411,3,false,https://bestroadtrip.com/map/china/macau
Ciudad del Vaticano,Ciudad del Vaticano,Unknown,41.9022,12.4536,3,false,https://bestroadtrip.com/map/ciudad-del-vaticano/ciudad-del-vaticano
Split,Croatia,Europe,43.5081,16.4402,3,false,https://bestroadtrip.com/map/croatia/split
Praha 1,Czechia,Europe,50.0872,14.4243,3,false,https://bestroadtrip.com/map/czech-republic/praha-1
Hong Kong Island,Hong Kong,Unknown,22.2712,114.1500,3,false,https://bestroadtrip.com/map/hong-kong/hong-kong-island
Kowloon,Hong Kong,Unknown,22.3168,114.1696,3,false,https://bestroadtrip.com/map/hong-kong/kowloon
Akureyri,Iceland,Europe,65.6596,-18.1106,3,true,https://bestroadtrip.com/map/iceland/akureyri
Reykjavik,Iceland,Europe,64.1291,-21.9581,3,true,https://bestroadtrip.com/map/iceland/reykjavik
Badung Regency,Indonesia,Asia,-8.6487,115.1615,3,true,https://bestroadtrip.com/map/indonesia/badung-regency
Bali,Indonesia,Asia,-8.4095,115.1889,3,true,https://bestroadtrip.com/map/indonesia/bali
Jakarta,Indonesia,Asia,-6.1767,106.8227,3,true,https://bestroadtrip.com/map/indonesia/jakarta
Kabupaten Banyuwangi,Indonesia,Asia,-8.6164,113.9928,3,true,https://bestroadtrip.com/map/indonesia/kabupaten-banyuwangi
Kabupaten Lumajang,Indonesia,Asia,-8.2315,112.9176,3,true,https://bestroadtrip.com/map/indonesia/kabupaten-lumajang
Kintamani,Indonesia,Asia,-8.2477,115.3762,3,true,https://bestroadtrip.com/map/indonesia/kintamani
Klungkung Regency,Indonesia,Asia,-8.7278,115.5444,3,true,https://bestroadtrip.com/map/indonesia/klungkung-regency
Uluwatu,Indonesia,Asia,-8.8296,115.0840,3,true,https://bestroadtrip.com/map/indonesia/uluwatu
Firenze,Italy,Europe,43.7731,11.2560,3,false,https://bestroadtrip.com/map/italy/firenze
Florence,Italy,Europe,43.7731,11.2560,3,false,https://bestroadtrip.com/map/italy/florence
Rome,Italy,Europe,41.8992,12.4731,3,false,https://bestroadtrip.com/map/italy/rome
Atami,Japan,Asia,35.1018,139.0781,3,true,https://bestroadtrip.com/map/japan/atami
Koto City,Japan,Asia,35.6353,139.7884,3,true,https://bestroadtrip.com/map/japan/koto-city
Tokyo,Japan,Asia,35.7156,139.7730,3,true,https://bestroadtrip.com/map/japan/tokyo
Urayasu,Japan,Asia,35.6329,139.8804,3,true,https://bestroadtrip.com/map/japan/urayasu
Luang Prabang,Laos,Asia,19.7492,101.9911,3,false,https://bestroadtrip.com/map/laos/luang-prabang
Batu Caves,Malaysia,Asia,3.2379,101.6840,3,false,https://bestroadtrip.com/map/malaysia/batu-caves
Mexico City,Mexico,North America,19.4326,-99.1392,3,false,https://bestroadtrip.com/map/mexico/mexico-city
Tulum,Mexico,North America,20.1422,-87.4548,3,false,https://bestroadtrip.com/map/mexico/tulum
Panamá,Panama,North America,8.9824,-79.5199,3,false,https://bestroadtrip.com/map/panama/panama
Arequipa,Perú,Unknown,-16.3929,-71.5355,3,false,https://bestroadtrip.com/map/peru/arequipa
Kraków,Poland,Europe,50.0668,19.9450,3,false,https://bestroadtrip.com/map/poland/krakow
Wrocław,Poland,Europe,51.1096,17.0347,3,false,https://bestroadtrip.com/map/poland/wroc-aw
Lisbon,Portugal,Europe,38.7078,-9.1366,3,false,https://bestroadtrip.com/map/portugal/lisbon
San Juan,Puerto Rico,Unknown,18.4663,-66.1179,3,true,https://bestroadtrip.com/map/puerto-rico/san-juan
Addo,South Africa,Africa,-33.4451,25.7496,3,false,https://bestroadtrip.com/map/south-africa/addo
Geoje-si,South Korea,Asia,34.7362,128.6854,3,false,https://bestroadtrip.com/map/south-korea/geoje-si
Yongsan District,South Korea,Asia,37.5418,126.9937,3,false,https://bestroadtrip.com/map/south-korea/yongsan-district
Toledo,Spain,Europe,39.8578,-4.0205,3,false,https://bestroadtrip.com/map/spain/toledo
Krung Thep Maha Nakhon,Thailand,Asia,13.7041,100.5017,3,false,https://bestroadtrip.com/map/thailand/krung-thep-maha-nakhon
Phuket,Thailand,Asia,7.8804,98.3923,3,false,https://bestroadtrip.com/map/thailand/phuket
Tambon Maret,Thailand,Asia,9.4715,100.0536,3,false,https://bestroadtrip.com/map/thailand/tambon-maret
Díli,Timor-Leste,Unknown,-8.5205,125.6084,3,false,https://bestroadtrip.com/map/timor-leste/dili
Göreme,Turkey,Asia,38.6431,34.8270,3,false,https://bestroadtrip.com/map/turkey/goreme
Cold Spring,United States,North America,41.4154,-73.9557,3,false,https://bestroadtrip.com/map/united-states/cold-spring
Honolulu,United States,North America,21.2791,-157.8258,3,false,https://bestroadtrip.com/map/united-states/honolulu
Vatican City,Vatican City,Unknown,41.9022,12.4539,3,false,https://bestroadtrip.com/map/vatican-city/vatican-city
Sa Pa,Vietnam,Asia,22.3039,103.7765,3,false,https://bestroadtrip.com/map/vietnam/sa-pa
Chascomús,Argentina,South America,-35.5746,-58.0085,2,false,https://bestroadtrip.com/map/argentina/chascomus
Potrerillos,Argentina,South America,-32.9607,-69.1976,2,false,https://bestroadtrip.com/map/argentina/potrerillos
Gold Coast,Australia,Oceania,-27.9881,153.4282,2,true,https://bestroadtrip.com/map/australia/gold-coast
Bruxelles,Bélgica,Unknown,50.8468,4.3525,2,false,https://bestroadtrip.com/map/belgium/bruxelles
Arraial do Cabo,Brasil,Unknown,-22.9944,-41.9917,2,false,https://bestroadtrip.com/map/brazil/arraial-do-cabo
Catete,Brasil,Unknown,-22.9266,-43.1764,2,false,https://bestroadtrip.com/map/brazil/catete
Santo Cristo,Brasil,Unknown,-22.8931,-43.1942,2,false,https://bestroadtrip.com/map/brazil/santo-cristo
Urca,Brasil,Unknown,-22.9493,-43.1546,2,false,https://bestroadtrip.com/map/brazil/urca
Phnom Penh,Cambodia,Asia,11.4822,104.9186,2,false,https://bestroadtrip.com/map/cambodia/phnom-penh
Siem Reap,Cambodia,Asia,13.4344,103.8896,2,false,https://bestroadtrip.com/map/cambodia/siem-reap
Banff,Canada,North America,51.1508,-115.5610,2,false,https://bestroadtrip.com/map/canada/banff
Improvement District No. 12,Canada,North America,52.2202,-117.2261,2,false,https://bestroadtrip.com/map/canada/improvement-district-no-12
Lake Louise,Canada,North America,51.4254,-116.1773,2,false,https://bestroadtrip.com/map/canada/lake-louise
Québec,Canada,North America,46.8120,-71.2052,2,false,https://bestroadtrip.com/map/canada/quebec
Vancouver,Canada,North America,49.3043,-123.1443,2,false,https://bestroadtrip.com/map/canada/vancouver
Ancud,Chile,South America,-41.8625,-73.8306,2,false,https://bestroadtrip.com/map/chile/ancud
Castro,Chile,South America,-42.4663,-73.7862,2,false,https://bestroadtrip.com/map/chile/castro
Recoleta,Chile,South America,-33.3931,-70.6563,2,false,https://bestroadtrip.com/map/chile/recoleta
Zhangjiajie,China,Asia,29.3982,110.6962,2,false,https://bestroadtrip.com/map/china/zhangjiajie
San Andrés y Providencia,Colombia,South America,12.5506,-81.6882,2,false,https://bestroadtrip.com/map/colombia/san-andres-y-providencia
San Carlos,Costa Rica,North America,10.4712,-84.6454,2,false,https://bestroadtrip.com/map/costa-rica/san-carlos
Dubrovnik,Croatia,Europe,42.6467,18.0991,2,false,https://bestroadtrip.com/map/croatia/dubrovnik
København,Denmark,Europe,55.6737,12.5682,2,false,https://bestroadtrip.com/map/denmark/k-benhavn
Mindo,Ecuador,South America,-0.0561,-78.7767,2,false,https://bestroadtrip.com/map/ecuador/mindo
Al Haram,Egipto,Unknown,29.9854,31.1331,2,false,https://bestroadtrip.com/map/egipto/al-haram
Luxor,Egipto,Unknown,25.7199,32.6531,2,false,https://bestroadtrip.com/map/egipto/luxor
Luxor,Egypt,Africa,25.7402,32.6014,2,false,https://bestroadtrip.com/map/egypt/luxor
Key West,Estados Unidos,Unknown,24.5512,-81.8006,2,false,https://bestroadtrip.com/map/united-states/key-west
Chamonix,France,Europe,45.9237,6.8694,2,false,https://bestroadtrip.com/map/france/chamonix
Gordes,France,Europe,43.9122,5.1991,2,false,https://bestroadtrip.com/map/france/gordes
Munich,Germany,Europe,48.1374,11.5755,2,false,https://bestroadtrip.com/map/germany/munich
Elounda,Greece,Europe,35.2647,25.7216,2,false,https://bestroadtrip.com/map/greece/elounda
Mykonos,Greece,Europe,37.4221,25.3681,2,false,https://bestroadtrip.com/map/greece/mykonos
Hong Kong,Hong Kong SAR,Unknown,22.2849,114.1546,2,false,https://bestroadtrip.com/map/hong-kong-sar/hong-kong
Flúðir,Iceland,Europe,64.1328,-20.2551,2,true,https://bestroadtrip.com/map/iceland/flu-ir
Agra,India,Asia,27.1751,78.0421,2,false,https://bestroadtrip.com/map/india/agra
Rishikesh,India,Asia,30.1072,78.2886,2,false,https://bestroadtrip.com/map/india/rishikesh
Varanasi,India,Asia,25.3109,83.0107,2,false,https://bestroadtrip.com/map/india/varanasi
Vrindavan,India,Asia,27.5721,77.6719,2,false,https://bestroadtrip.com/map/india/vrindavan
Bandung Regency,Indonesia,Asia,-7.1603,107.3513,2,true,https://bestroadtrip.com/map/indonesia/bandung-regency
Kabupaten Gianyar,Indonesia,Asia,-8.4528,115.2801,2,true,https://bestroadtrip.com/map/indonesia/kabupaten-gianyar
Kabupaten Tabanan,Indonesia,Asia,-8.2761,115.1542,2,true,https://bestroadtrip.com/map/indonesia/kabupaten-tabanan
Lebak Regency,Indonesia,Asia,-6.5945,106.2251,2,true,https://bestroadtrip.com/map/indonesia/lebak-regency
Nusa Dua,Indonesia,Asia,-8.8076,115.2252,2,true,https://bestroadtrip.com/map/indonesia/nusa-dua
Pererenan,Indonesia,Asia,-8.6425,115.1275,2,true,https://bestroadtrip.com/map/indonesia/pererenan
Ungasan,Indonesia,Asia,-8.8291,115.1428,2,true,https://bestroadtrip.com/map/indonesia/ungasan
County Wicklow,Irlanda,Unknown,53.0107,-6.3275,2,false,https://bestroadtrip.com/map/irlanda/county-wicklow
Jerusalem,Israel,Asia,31.7767,35.2345,2,false,https://bestroadtrip.com/map/israel/jerusalem
Verona,Itália,Unknown,45.4419,10.9987,2,false,https://bestroadtrip.com/map/italy/verona
Pisa,Italy,Europe,43.7230,10.3966,2,false,https://bestroadtrip.com/map/italy/pisa
Siena,Italy,Europe,43.3186,11.3306,2,false,https://bestroadtrip.com/map/italy/siena
Arakawa City,Japan,Asia,35.7366,139.8097,2,true,https://bestroadtrip.com/map/japan/arakawa-city
Bunkyo City,Japan,Asia,35.7118,139.7257,2,true,https://bestroadtrip.com/map/japan/bunkyo-city
Fujikawaguchiko,Japan,Asia,35.5224,138.7687,2,true,https://bestroadtrip.com/map/japan/fujikawaguchiko
Fujiyoshida,Japan,Asia,35.5013,138.8014,2,true,https://bestroadtrip.com/map/japan/fujiyoshida
Hachioji,Japan,Asia,35.6254,139.2437,2,true,https://bestroadtrip.com/map/japan/hachioji
Kamakura,Japan,Asia,35.3260,139.5563,2,true,https://bestroadtrip.com/map/japan/kamakura
Kanazawa,Japan,Asia,36.5659,136.6499,2,true,https://bestroadtrip.com/map/japan/kanazawa
Sendai,Japan,Asia,38.2619,140.8805,2,true,https://bestroadtrip.com/map/japan/sendai
Shimoda,Japan,Asia,34.6940,138.9737,2,true,https://bestroadtrip.com/map/japan/shimoda
Shirakawa,Japan,Asia,36.2578,136.9062,2,true,https://bestroadtrip.com/map/japan/shirakawa
Almaty,Kazakhstan,Unknown,43.0500,76.9850,2,false,https://bestroadtrip.com/map/kazakhstan/almaty
Karakol,Kyrgyzstan,Unknown,42.4782,78.3956,2,false,https://bestroadtrip.com/map/kyrgyzstan/karakol
Genting Highlands,Malaysia,Asia,3.4254,101.7932,2,false,https://bestroadtrip.com/map/malaysia/genting-highlands
Chamarel,Mauritius,Africa,-20.4397,57.3893,2,true,https://bestroadtrip.com/map/mauritius/chamarel
Le Morne,Mauritius,Africa,-20.4450,57.3285,2,true,https://bestroadtrip.com/map/mauritius/le-morne
Cabo San Lucas,Mexico,North America,22.8905,-109.9167,2,false,https://bestroadtrip.com/map/mexico/cabo-san-lucas
Chiapa de Corzo,Mexico,North America,16.1622,-92.2981,2,false,https://bestroadtrip.com/map/mexico/chiapa-de-corzo
Playa del Carmen,Mexico,North America,20.6296,-87.0739,2,false,https://bestroadtrip.com/map/mexico/playa-del-carmen
Agadir,Morocco,Africa,30.4299,-9.6231,2,false,https://bestroadtrip.com/map/morocco/agadir
Aït Benhaddou,Morocco,Africa,31.0471,-7.1296,2,false,https://bestroadtrip.com/map/morocco/ait-benhaddou
Casablanca,Morocco,Africa,33.6086,-7.6325,2,false,https://bestroadtrip.com/map/morocco/casablanca
Taunggyi,Myanmar (Burma),Unknown,20.7944,97.0376,2,false,https://bestroadtrip.com/map/myanmar-burma/taunggyi
Bharatpur,Nepal,Asia,27.6897,84.4362,2,false,https://bestroadtrip.com/map/nepal/bharatpur
Khangsar,Nepal,Asia,28.6800,83.9071,2,false,https://bestroadtrip.com/map/nepal/khangsar
Amsterdam,Netherlands,Europe,52.3738,4.8910,2,false,https://bestroadtrip.com/map/netherlands/amsterdam
Utrecht,Netherlands,Europe,52.0908,5.1214,2,false,https://bestroadtrip.com/map/netherlands/utrecht
Ash Sharqiyah North Governorate,Oman,Asia,21.4378,58.5544,2,false,https://bestroadtrip.com/map/oman/ash-sharqiyah-north-governorate
Muscat,Oman,Asia,23.5838,58.3887,2,false,https://bestroadtrip.com/map/oman/muscat
Chinchero,Peru,South America,-13.3958,-72.0478,2,false,https://bestroadtrip.com/map/peru/chinchero
Uchullujllo,Perú,Unknown,-14.0326,-71.2469,2,false,https://bestroadtrip.com/map/peru/uchullujllo
Cebu City,Philippines,Asia,10.3705,123.8733,2,true,https://bestroadtrip.com/map/philippines/cebu-city
Palompon,Philippines,Asia,11.1121,124.2417,2,true,https://bestroadtrip.com/map/philippines/palompon
Puerto Princesa City,Philippines,Asia,9.7856,118.6265,2,true,https://bestroadtrip.com/map/philippines/puerto-princesa-city
Causeway Coast and Glens,Reino Unido,Unknown,55.2408,-6.5116,2,false,https://bestroadtrip.com/map/united-kingdom/causeway-coast-and-glens
Londres,Reino Unido,Unknown,51.5072,-0.1276,2,false,https://bestroadtrip.com/map/united-kingdom/londres
Johannesburg,South Africa,Africa,-26.0147,28.1072,2,false,https://bestroadtrip.com/map/south-africa/johannesburg
Busan,South Korea,Asia,35.0755,129.0168,2,false,https://bestroadtrip.com/map/south-korea/busan
Chuncheon,South Korea,Asia,37.8164,127.5870,2,false,https://bestroadtrip.com/map/south-korea/chuncheon
Gyeongju,South Korea,Asia,35.7899,129.3319,2,false,https://bestroadtrip.com/map/south-korea/gyeongju
Mapo-gu,South Korea,Asia,37.5517,126.9215,2,false,https://bestroadtrip.com/map/south-korea/mapo-gu
Seo-gu,South Korea,Asia,35.0616,129.0205,2,false,https://bestroadtrip.com/map/south-korea/seo-gu
Suncheon,South Korea,Asia,34.9570,127.5376,2,false,https://bestroadtrip.com/map/south-korea/suncheon
Alicante,Spain,Europe,38.3498,-0.4786,2,false,https://bestroadtrip.com/map/spain/alicante
Granada,Spain,Europe,37.1761,-3.5996,2,false,https://bestroadtrip.com/map/spain/granada
Sevilla,Spain,Europe,37.3930,-5.9922,2,false,https://bestroadtrip.com/map/spain/sevilla
Seville,Spain,Europe,37.3742,-5.9872,2,false,https://bestroadtrip.com/map/spain/seville
Dambulla,Sri Lanka,Asia,7.8549,80.6506,2,true,https://bestroadtrip.com/map/sri-lanka/dambulla
Engelberg,Switzerland,Europe,46.8207,8.4040,2,false,https://bestroadtrip.com/map/switzerland/engelberg
Taipei City,Taiwan,Asia,25.0509,121.5775,2,true,https://bestroadtrip.com/map/taiwan/taipei-city
Dar es Salaam,Tanzania,Africa,-6.8165,39.2894,2,false,https://bestroadtrip.com/map/tanzania/dar-es-salaam
Mwanza,Tanzania,Africa,-2.5275,32.8986,2,false,https://bestroadtrip.com/map/tanzania/mwanza
Chang Wat Chiang Mai,Thailand,Asia,18.7837,98.9537,2,false,https://bestroadtrip.com/map/thailand/chang-wat-chiang-mai
Chiang Rai,Thailand,Asia,19.8243,99.7635,2,false,https://bestroadtrip.com/map/thailand/chiang-rai
Ko Phi Phi Leh,Thailand,Asia,7.6759,98.7654,2,false,https://bestroadtrip.com/map/thailand/ko-phi-phi-leh
Fife,United Kingdom,Europe,56.3417,-2.7943,2,true,https://bestroadtrip.com/map/united-kingdom/fife
Glasgow City,United Kingdom,Europe,55.8627,-4.2311,2,true,https://bestroadtrip.com/map/united-kingdom/glasgow-city
John o&#x27; Groats,United Kingdom,Europe,58.6373,-3.0689,2,true,https://bestroadtrip.com/map/united-kingdom/john-o-groats
Scotland,United Kingdom,Europe,58.4841,-3.1251,2,true,https://bestroadtrip.com/map/united-kingdom/scotland
Wales,United Kingdom,Europe,52.9006,-3.8963,2,true,https://bestroadtrip.com/map/united-kingdom/wales
York,United Kingdom,Europe,53.9591,-1.0978,2,true,https://bestroadtrip.com/map/united-kingdom/york
Austin,United States,North America,30.2672,-97.7431,2,false,https://bestroadtrip.com/map/united-states/austin
California,United States,North America,37.8651,-119.5383,2,false,https://bestroadtrip.com/map/united-states/california
Coconino County,United States,North America,36.8619,-111.3743,2,false,https://bestroadtrip.com/map/united-states/coconino-county
Jersey City,United States,North America,40.7209,-74.0324,2,false,https://bestroadtrip.com/map/united-states/jersey-city
Los Angeles,United States,North America,34.0689,-118.2516,2,false,https://bestroadtrip.com/map/united-states/los-angeles
Monterey County,United States,North America,36.3715,-121.9019,2,false,https://bestroadtrip.com/map/united-states/monterey-county
New Orleans,United States,North America,29.9584,-90.0644,2,false,https://bestroadtrip.com/map/united-states/new-orleans
Niagara Falls,United States,North America,43.0818,-79.0642,2,false,https://bestroadtrip.com/map/united-states/niagara-falls
Philadelphia,United States,North America,39.9489,-75.1500,2,false,https://bestroadtrip.com/map/united-states/philadelphia
Portland,United States,North America,45.5187,-122.6781,2,false,https://bestroadtrip.com/map/united-states/portland
San Antonio,United States,North America,29.4260,-98.4861,2,false,https://bestroadtrip.com/map/united-states/san-antonio
Utah,United States,North America,37.2982,-113.0263,2,false,https://bestroadtrip.com/map/united-states/utah
Hoàn Kiếm,Vietnam,Asia,21.0286,105.8489,2,false,https://bestroadtrip.com/map/vietnam/hoan-kiem
Ninh Binh,Vietnam,Asia,20.2341,105.9069,2,false,https://bestroadtrip.com/map/vietnam/ninh-binh
Stellenbosch,África do Sul,Unknown,-33.9323,18.8587,1,false,https://bestroadtrip.com/map/south-africa/stellenbosch
Ksamil,Albania,Europe,39.7682,20.0059,1,false,https://bestroadtrip.com/map/albania/ksamil
Andorra la Vella,Andorra,Unknown,42.5070,1.5243,1,false,https://bestroadtrip.com/map/andorra/andorra-la-vella
Canillo,Andorra,Unknown,42.5947,1.6645,1,false,https://bestroadtrip.com/map/andorra/canillo
Soldeu,Andorra,Unknown,42.5779,1.6642,1,false,https://bestroadtrip.com/map/andorra/soldeu
Blanco Encalada,Argentina,South America,-33.0447,-69.0731,1,false,https://bestroadtrip.com/map/argentina/blanco-encalada
Capital,Argentina,South America,-32.8898,-68.8701,1,false,https://bestroadtrip.com/map/argentina/capital
Cordón del Plata,Argentina,South America,-33.4623,-69.1432,1,false,https://bestroadtrip.com/map/argentina/cordon-del-plata
Fitz Roy,Argentina,South America,-47.0259,-67.2480,1,false,https://bestroadtrip.com/map/argentina/fitz-roy
Godoy Cruz,Argentina,South America,-32.9162,-68.8748,1,false,https://bestroadtrip.com/map/argentina/godoy-cruz
La Poma Department,Argentina,South America,-23.7167,-66.0308,1,false,https://bestroadtrip.com/map/argentina/la-poma-department
Luján de Cuyo,Argentina,South America,-33.0204,-68.8850,1,false,https://bestroadtrip.com/map/argentina/lujan-de-cuyo
Mar del Plata,Argentina,South America,-38.0025,-57.5426,1,false,https://bestroadtrip.com/map/argentina/mar-del-plata
Perdriel,Argentina,South America,-33.0764,-68.8869,1,false,https://bestroadtrip.com/map/argentina/perdriel
Puente del Inca,Argentina,South America,-32.8222,-69.9237,1,false,https://bestroadtrip.com/map/argentina/puente-del-inca
Puerto Iguazú,Argentina,South America,-25.6953,-54.4367,1,false,https://bestroadtrip.com/map/argentina/puerto-iguazu
Purmamarca,Argentina,South America,-23.7439,-65.5011,1,false,https://bestroadtrip.com/map/argentina/purmamarca
San Carlos de Bariloche,Argentina,South America,-41.1730,-71.3445,1,false,https://bestroadtrip.com/map/argentina/san-carlos-de-bariloche
Tilcara,Argentina,South America,-23.5860,-65.4037,1,false,https://bestroadtrip.com/map/argentina/tilcara
Ushuaia,Argentina,South America,-54.9333,-67.3833,1,false,https://bestroadtrip.com/map/argentina/ushuaia
Blue Mountains City Council,Australia,Oceania,-33.7356,150.3147,1,true,https://bestroadtrip.com/map/australia/blue-mountains-city-council
Coogee,Australia,Oceania,-33.9184,151.2585,1,true,https://bestroadtrip.com/map/australia/coogee
Flinders Chase,Australia,Oceania,-36.0483,136.7572,1,true,https://bestroadtrip.com/map/australia/flinders-chase
Kuranda,Australia,Oceania,-16.8184,145.6387,1,true,https://bestroadtrip.com/map/australia/kuranda
Petermann,Australia,Oceania,-25.3444,131.0369,1,true,https://bestroadtrip.com/map/australia/petermann
Rottnest Island,Australia,Oceania,-31.9981,115.5408,1,true,https://bestroadtrip.com/map/australia/rottnest-island
Sydney,Australia,Oceania,-33.8568,151.2153,1,true,https://bestroadtrip.com/map/australia/sydney
Victoria,Australia,Oceania,-38.6646,143.1030,1,true,https://bestroadtrip.com/map/australia/victoria
Hallstatt,Austria,Europe,47.5613,13.6481,1,false,https://bestroadtrip.com/map/austria/hallstatt
Baku,Azerbaijan,Unknown,40.3667,49.8352,1,false,https://bestroadtrip.com/map/azerbaijan/baku
Sheki,Azerbaijan,Unknown,41.1997,47.1676,1,false,https://bestroadtrip.com/map/azerbaijan/sheki
San Jose Succotz,Belize,North America,17.0899,-89.1422,1,false,https://bestroadtrip.com/map/belize/san-jose-succotz
Cotonou,Benin,Unknown,6.3703,2.3912,1,false,https://bestroadtrip.com/map/benin/cotonou
plage,Benin,Unknown,6.3254,2.0891,1,false,https://bestroadtrip.com/map/benin/plage
Dochula,Bhutan,Unknown,27.4900,89.7503,1,false,https://bestroadtrip.com/map/bhutan/dochula
Paro,Bhutan,Unknown,27.4888,89.3587,1,false,https://bestroadtrip.com/map/bhutan/paro
Punakha,Bhutan,Unknown,27.5822,89.8631,1,false,https://bestroadtrip.com/map/bhutan/punakha
Thimphu,Bhutan,Unknown,27.4435,89.6453,1,false,https://bestroadtrip.com/map/bhutan/thimphu
La Paz,Bolivia,South America,-16.4964,-68.1295,1,false,https://bestroadtrip.com/map/bolivia/la-paz
Nor Lípez,Bolivia,South America,-20.2420,-67.6252,1,false,https://bestroadtrip.com/map/bolivia/nor-lipez
Potosi Department,Bolivia,South America,-20.1338,-67.4891,1,false,https://bestroadtrip.com/map/bolivia/potosi-department
Tiwanaku,Bolivia,South America,-16.5557,-68.6728,1,false,https://bestroadtrip.com/map/bolivia/tiwanaku
Gamtsha,Botswana,Africa,-18.4559,24.3657,1,false,https://bestroadtrip.com/map/botswana/gamtsha
North-West District,Botswana,Africa,-19.2290,23.0489,1,false,https://bestroadtrip.com/map/botswana/north-west-district
Tutume,Botswana,Africa,-20.5736,25.5918,1,false,https://bestroadtrip.com/map/botswana/tutume
Alto da Boa Vista,Brasil,Unknown,-22.9519,-43.2105,1,false,https://bestroadtrip.com/map/brazil/alto-da-boa-vista
Angra dos Reis,Brasil,Unknown,-23.1521,-44.2289,1,false,https://bestroadtrip.com/map/brazil/angra-dos-reis
Armação dos Búzios,Brasil,Unknown,-22.7553,-41.8833,1,false,https://bestroadtrip.com/map/brazil/armacao-dos-buzios
Barra da Lagoa,Brasil,Unknown,-27.5741,-48.4313,1,false,https://bestroadtrip.com/map/brazil/barra-da-lagoa
Boa Vista,Brasil,Unknown,-22.8205,-43.0626,1,false,https://bestroadtrip.com/map/brazil/boa-vista
Centro Histórico,Brasil,Unknown,-12.9736,-38.5097,1,false,https://bestroadtrip.com/map/brazil/centro-historico
Cosme Velho,Brasil,Unknown,-22.9444,-43.1964,1,false,https://bestroadtrip.com/map/brazil/cosme-velho
Costa da Lagoa,Brasil,Unknown,-27.5667,-48.4627,1,false,https://bestroadtrip.com/map/brazil/costa-da-lagoa
Estado de Río de Janeiro,Brasil,Unknown,-22.3534,-42.7076,1,false,https://bestroadtrip.com/map/brazil/estado-de-rio-de-janeiro
Guarajuba,Brasil,Unknown,-12.6464,-38.0711,1,false,https://bestroadtrip.com/map/brazil/guarajuba
Imbassaí,Brasil,Unknown,-12.4910,-37.9632,1,false,https://bestroadtrip.com/map/brazil/imbassai
Ingleses,Brasil,Unknown,-27.4374,-48.3905,1,false,https://bestroadtrip.com/map/brazil/ingleses
Jardim das Bandeiras,Brasil,Unknown,-23.5566,-46.6866,1,false,https://bestroadtrip.com/map/brazil/jardim-das-bandeiras
Jurerê Internacional,Brasil,Unknown,-27.4369,-48.5008,1,false,https://bestroadtrip.com/map/brazil/jurere-internacional
Lagoa,Brasil,Unknown,-27.6031,-48.4712,1,false,https://bestroadtrip.com/map/brazil/lagoa
Leme,Brasil,Unknown,-22.9633,-43.1620,1,false,https://bestroadtrip.com/map/brazil/leme
Maracanã,Brasil,Unknown,-22.9124,-43.2265,1,false,https://bestroadtrip.com/map/brazil/maracana
Pântano do Sul,Brasil,Unknown,-27.7819,-48.5081,1,false,https://bestroadtrip.com/map/brazil/pantano-do-sul
Petrópolis,Brasil,Unknown,-22.5121,-43.1795,1,false,https://bestroadtrip.com/map/brazil/petropolis
Ribeirão da Ilha,Brasil,Unknown,-27.7200,-48.5642,1,false,https://bestroadtrip.com/map/brazil/ribeirao-da-ilha
Santa Catarina,Brasil,Unknown,-27.6969,-48.4656,1,false,https://bestroadtrip.com/map/brazil/santa-catarina
Santinho,Brasil,Unknown,-27.4550,-48.3737,1,false,https://bestroadtrip.com/map/brazil/santinho
State of Bahia,Brasil,Unknown,-12.6367,-38.0502,1,false,https://bestroadtrip.com/map/brazil/state-of-bahia
Alto Paraíso de Goiás,Brazil,South America,-14.1306,-47.8208,1,false,https://bestroadtrip.com/map/brazil/alto-paraiso-de-goias
Atins,Brazil,South America,-2.5636,-42.7336,1,false,https://bestroadtrip.com/map/brazil/atins
Barreirinhas,Brazil,South America,-2.4826,-43.1236,1,false,https://bestroadtrip.com/map/brazil/barreirinhas
Belém,Brazil,South America,-1.4481,-48.4827,1,false,https://bestroadtrip.com/map/brazil/belem
Pernambuco,Brazil,South America,-8.7034,-35.0796,1,false,https://bestroadtrip.com/map/brazil/pernambuco
Praia dos Carneiros,Brazil,South America,-8.7237,-35.1019,1,false,https://bestroadtrip.com/map/brazil/praia-dos-carneiros
Salvador,Brazil,South America,-13.0102,-38.5326,1,false,https://bestroadtrip.com/map/brazil/salvador
São Paulo,Brazil,South America,-23.5505,-46.6333,1,false,https://bestroadtrip.com/map/brazil/sao-paulo
Tamandaré,Brazil,South America,-8.7231,-35.0836,1,false,https://bestroadtrip.com/map/brazil/tamandare
Choam Ksant,Cambodia,Asia,14.3905,104.6802,1,false,https://bestroadtrip.com/map/cambodia/choam-ksant
Kampot Province,Cambodia,Asia,10.6623,104.1496,1,false,https://bestroadtrip.com/map/cambodia/kampot-province
Krong Ban Lung,Cambodia,Asia,13.7300,107.0150,1,false,https://bestroadtrip.com/map/cambodia/krong-ban-lung
Krong Stung Treng,Cambodia,Asia,13.6802,106.0322,1,false,https://bestroadtrip.com/map/cambodia/krong-stung-treng
Meat Kla,Cambodia,Asia,12.9276,104.0537,1,false,https://bestroadtrip.com/map/cambodia/meat-kla
Borden-Carleton,Canada,North America,46.2002,-63.7652,1,false,https://bestroadtrip.com/map/canada/borden-carleton
Brentwood Bay,Canada,North America,48.5636,-123.4706,1,false,https://bestroadtrip.com/map/canada/brentwood-bay
Jasper,Canada,North America,52.8734,-117.9543,1,false,https://bestroadtrip.com/map/canada/jasper
Montréal,Canada,North America,45.5045,-73.5561,1,false,https://bestroadtrip.com/map/canada/montreal
Peggy&#x27;s Cove,Canada,North America,44.4917,-63.9187,1,false,https://bestroadtrip.com/map/canada/peggys-cove
Pleasant Bay,Canada,North America,46.7437,-60.8805,1,false,https://bestroadtrip.com/map/canada/pleasant-bay
Québec City,Canada,North America,46.8875,-71.1478,1,false,https://bestroadtrip.com/map/canada/quebec-city
Squamish,Canada,North America,49.6752,-123.1570,1,false,https://bestroadtrip.com/map/canada/squamish
Ucluelet,Canada,North America,49.0683,-125.7533,1,false,https://bestroadtrip.com/map/canada/ucluelet
Vaughan,Canada,North America,43.8424,-79.5412,1,false,https://bestroadtrip.com/map/canada/vaughan
Whistler,Canada,North America,50.1163,-122.9566,1,false,https://bestroadtrip.com/map/canada/whistler
Mont-Tremblant,Canadá,Unknown,46.1185,-74.5962,1,false,https://bestroadtrip.com/map/canada/mont-tremblant
Algarrobo,Chile,South America,-33.3356,-71.6507,1,false,https://bestroadtrip.com/map/chile/algarrobo
Cautín,Chile,South America,-39.2883,-71.9622,1,false,https://bestroadtrip.com/map/chile/cautin
Concón,Chile,South America,-32.9403,-71.5495,1,false,https://bestroadtrip.com/map/chile/concon
Curarrehue,Chile,South America,-39.5630,-71.5174,1,false,https://bestroadtrip.com/map/chile/curarrehue
El Tabo,Chile,South America,-33.4668,-71.6538,1,false,https://bestroadtrip.com/map/chile/el-tabo
Huechuraba,Chile,South America,-33.3852,-70.6220,1,false,https://bestroadtrip.com/map/chile/huechuraba
La Ballena,Chile,South America,-32.2926,-71.4638,1,false,https://bestroadtrip.com/map/chile/la-ballena
Lo Barnechea,Chile,South America,-33.3527,-70.5186,1,false,https://bestroadtrip.com/map/chile/lo-barnechea
Magallanes y la Antártica Chilena,Chile,South America,-50.9423,-73.4068,1,false,https://bestroadtrip.com/map/chile/magallanes-y-la-antartica-chilena
Palena,Chile,South America,-41.9703,-72.5555,1,false,https://bestroadtrip.com/map/chile/palena
Pucon,Chile,South America,-39.1719,-71.7279,1,false,https://bestroadtrip.com/map/chile/pucon
San José de Maipo,Chile,South America,-33.8527,-69.9809,1,false,https://bestroadtrip.com/map/chile/san-jose-de-maipo
San Pedro de Atacama,Chile,South America,-22.9068,-68.1997,1,false,https://bestroadtrip.com/map/chile/san-pedro-de-atacama
Santiago de Chile,Chile,South America,-33.4489,-70.6693,1,false,https://bestroadtrip.com/map/chile/santiago-de-chile
Valparaíso,Chile,South America,-33.0473,-71.6127,1,false,https://bestroadtrip.com/map/chile/valparaiso
Cheng Du Shi,China,Asia,30.7330,104.1458,1,false,https://bestroadtrip.com/map/china/cheng-du-shi
Diqing Tibetan Autonomous Prefecture,China,Asia,27.2210,100.1353,1,false,https://bestroadtrip.com/map/china/diqing-tibetan-autonomous-prefecture
Dong Cheng Qu,China,Asia,39.9168,116.3972,1,false,https://bestroadtrip.com/map/china/dong-cheng-qu
Dongcheng,China,Asia,39.8822,116.4066,1,false,https://bestroadtrip.com/map/china/dongcheng
Fu Zhou Shi,China,Asia,26.0848,119.2964,1,false,https://bestroadtrip.com/map/china/fu-zhou-shi
Gui Lin Shi,China,Asia,25.2601,110.3131,1,false,https://bestroadtrip.com/map/china/gui-lin-shi
Huairou District,China,Asia,40.4319,116.5704,1,false,https://bestroadtrip.com/map/china/huairou-district
Lijiang,China,Asia,27.0983,100.1750,1,false,https://bestroadtrip.com/map/china/lijiang
Xi&#x27;An,China,Asia,34.3841,109.2785,1,false,https://bestroadtrip.com/map/china/xian
Città del Vaticano,Ciudad del Vaticano,Unknown,41.9022,12.4539,1,false,https://bestroadtrip.com/map/ciudad-del-vaticano/citta-del-vaticano
La Boquilla,Colombia,South America,10.4685,-75.5011,1,false,https://bestroadtrip.com/map/colombia/la-boquilla
Minca,Colombia,South America,11.1428,-74.1167,1,false,https://bestroadtrip.com/map/colombia/minca
San Luis,Colombia,South America,12.5616,-81.7090,1,false,https://bestroadtrip.com/map/colombia/san-luis
Santa Fé de Antioquia,Colombia,South America,6.5565,-75.8264,1,false,https://bestroadtrip.com/map/colombia/santa-fe-de-antioquia
Villa de Leyva,Colombia,South America,5.6365,-73.5271,1,false,https://bestroadtrip.com/map/colombia/villa-de-leyva
El Castillo,Costa Rica,North America,10.4612,-84.7281,1,false,https://bestroadtrip.com/map/costa-rica/el-castillo
Manuel Antonio,Costa Rica,North America,9.4220,-84.1588,1,false,https://bestroadtrip.com/map/costa-rica/manuel-antonio
Papagayo Peninsula,Costa Rica,North America,10.6371,-85.6562,1,false,https://bestroadtrip.com/map/costa-rica/papagayo-peninsula
Provincia de Guanacaste,Costa Rica,North America,10.5052,-84.8724,1,false,https://bestroadtrip.com/map/costa-rica/provincia-de-guanacaste
Puntarenas Province,Costa Rica,North America,9.6117,-84.6293,1,false,https://bestroadtrip.com/map/costa-rica/puntarenas-province
San José,Costa Rica,North America,9.8770,-84.5282,1,false,https://bestroadtrip.com/map/costa-rica/san-jose
San Ramón,Costa Rica,North America,10.4563,-84.6443,1,false,https://bestroadtrip.com/map/costa-rica/san-ramon
Santa Elena,Costa Rica,North America,10.3421,-84.7986,1,false,https://bestroadtrip.com/map/costa-rica/santa-elena
Cavtat,Croacia,Unknown,42.5810,18.2187,1,false,https://bestroadtrip.com/map/croatia/cavtat
Hvar,Croatia,Europe,43.1647,16.4561,1,false,https://bestroadtrip.com/map/croatia/hvar
Plitvički Ljeskovac,Croatia,Europe,44.8654,15.5820,1,false,https://bestroadtrip.com/map/croatia/plitvicki-ljeskovac
Split-Dalmatia County,Croatia,Europe,43.1542,16.6527,1,false,https://bestroadtrip.com/map/croatia/split-dalmatia-county
Baire,Cuba,Unknown,20.3088,-76.3348,1,true,https://bestroadtrip.com/map/cuba/baire
La Habana,Cuba,Unknown,23.1360,-82.3500,1,true,https://bestroadtrip.com/map/cuba/la-habana
Trinidad,Cuba,Unknown,21.8051,-79.9846,1,true,https://bestroadtrip.com/map/cuba/trinidad
Vinales,Cuba,Unknown,22.6052,-83.7256,1,true,https://bestroadtrip.com/map/cuba/vinales
Prague 1,Czechia,Europe,50.0911,14.4016,1,false,https://bestroadtrip.com/map/czech-republic/prague-1
Praha 7,Czechia,Europe,50.1095,14.4514,1,false,https://bestroadtrip.com/map/czech-republic/praha-7
Helsingør,Denmark,Europe,56.0393,12.6218,1,false,https://bestroadtrip.com/map/denmark/helsing-r
Indre By,Denmark,Europe,55.6798,12.5913,1,false,https://bestroadtrip.com/map/denmark/indre-by
Baños de Agua Santa,Ecuador,South America,-1.4182,-78.4263,1,false,https://bestroadtrip.com/map/ecuador/banos-de-agua-santa
Cotopaxi,Ecuador,South America,-0.8384,-78.6663,1,false,https://bestroadtrip.com/map/ecuador/cotopaxi
Distrito Metropolitano de Quito,Ecuador,South America,-0.1658,-78.5531,1,false,https://bestroadtrip.com/map/ecuador/distrito-metropolitano-de-quito
Galápagos Province,Ecuador,South America,-0.9538,-90.9656,1,false,https://bestroadtrip.com/map/ecuador/galapagos-province
Guano,Ecuador,South America,-1.4693,-78.8169,1,false,https://bestroadtrip.com/map/ecuador/guano
Latacunga,Ecuador,South America,-0.6838,-78.4372,1,false,https://bestroadtrip.com/map/ecuador/latacunga
Puerto Ayora,Ecuador,South America,-0.7611,-90.3326,1,false,https://bestroadtrip.com/map/ecuador/puerto-ayora
Al Qarna,Egipto,Unknown,25.7191,32.6019,1,false,https://bestroadtrip.com/map/egipto/al-qarna
Qena,Egipto,Unknown,26.1419,32.6702,1,false,https://bestroadtrip.com/map/egipto/qena
Abu Simbel,Egypt,Africa,22.1123,31.6739,1,false,https://bestroadtrip.com/map/egypt/abu-simbel
Al Haram,Egypt,Africa,29.9792,31.1342,1,false,https://bestroadtrip.com/map/egypt/al-haram
Al Wadi Al Gadid Desert,Egypt,Africa,27.2830,28.2010,1,false,https://bestroadtrip.com/map/egypt/al-wadi-al-gadid-desert
Aswan 1,Egypt,Africa,24.0256,32.8841,1,false,https://bestroadtrip.com/map/egypt/aswan-1
Giza,Egypt,Africa,29.9753,31.1376,1,false,https://bestroadtrip.com/map/egypt/giza
Concepción de Ataco,El Salvador,North America,13.8729,-89.8498,1,false,https://bestroadtrip.com/map/el-salvador/concepcion-de-ataco
San Francisco Chinameca,El Salvador,North America,13.6228,-89.0568,1,false,https://bestroadtrip.com/map/el-salvador/san-francisco-chinameca
Tamanique,El Salvador,North America,13.4931,-89.3842,1,false,https://bestroadtrip.com/map/el-salvador/tamanique
Dubai,Emirati Arabi Uniti,Unknown,25.1598,55.2054,1,false,https://bestroadtrip.com/map/emirati-arabi-uniti/dubai
York,England,Unknown,53.9590,-1.0815,1,false,https://bestroadtrip.com/map/england/york
La Hermida,España,Unknown,43.2550,-4.6144,1,false,https://bestroadtrip.com/map/spain/la-hermida
Boca Raton,Estados Unidos,Unknown,26.3662,-80.0702,1,false,https://bestroadtrip.com/map/united-states/boca-raton
Bonita Springs,Estados Unidos,Unknown,26.3306,-81.8010,1,false,https://bestroadtrip.com/map/united-states/bonita-springs
Bradenton Beach,Estados Unidos,Unknown,27.4683,-82.6994,1,false,https://bestroadtrip.com/map/united-states/bradenton-beach
Broward County,Estados Unidos,Unknown,26.1406,-80.1020,1,false,https://bestroadtrip.com/map/united-states/broward-county
Condado de Miami-Dade,Estados Unidos,Unknown,25.7400,-80.1568,1,false,https://bestroadtrip.com/map/united-states/condado-de-miami-dade
Dallas,Estados Unidos,Unknown,32.7591,-96.7830,1,false,https://bestroadtrip.com/map/united-states/dallas
Key Largo,Estados Unidos,Unknown,25.0628,-80.4758,1,false,https://bestroadtrip.com/map/united-states/key-largo
Savannah,Estados Unidos,Unknown,32.0809,-81.0912,1,false,https://bestroadtrip.com/map/united-states/savannah
Spring,Estados Unidos,Unknown,30.0068,-95.5265,1,false,https://bestroadtrip.com/map/united-states/spring
Addis Ababa,Ethiopia,Africa,9.0360,38.7369,1,false,https://bestroadtrip.com/map/ethiopia/addis-ababa
Dallol,Ethiopia,Africa,14.2417,40.3006,1,false,https://bestroadtrip.com/map/ethiopia/dallol
Danakil Depression,Ethiopia,Africa,13.6131,40.6636,1,false,https://bestroadtrip.com/map/ethiopia/danakil-depression
Harar,Ethiopia,Africa,9.3132,42.1258,1,false,https://bestroadtrip.com/map/ethiopia/harar
Helsinki,Finland,Europe,60.1744,24.9384,1,false,https://bestroadtrip.com/map/finland/helsinki
Carcassonne,France,Europe,43.2061,2.3642,1,false,https://bestroadtrip.com/map/france/carcassonne
Chamonix-Mont-Blanc,France,Europe,45.9226,6.8753,1,false,https://bestroadtrip.com/map/france/chamonix-mont-blanc
Chenonceaux,France,Europe,47.3249,1.0703,1,false,https://bestroadtrip.com/map/france/chenonceaux
Coupvray,France,Europe,48.8674,2.7836,1,false,https://bestroadtrip.com/map/france/coupvray
Étretat,France,Europe,49.7070,0.2056,1,false,https://bestroadtrip.com/map/france/etretat
Évry-Courcouronnes,France,Europe,48.6383,2.4489,1,false,https://bestroadtrip.com/map/france/evry-courcouronnes
Lyon,France,Europe,45.7622,4.8224,1,false,https://bestroadtrip.com/map/france/lyon
Margaux-Cantenac,France,Europe,45.0444,-0.6688,1,false,https://bestroadtrip.com/map/france/margaux-cantenac
Mont Saint-Michel,France,Europe,48.6361,-1.5115,1,false,https://bestroadtrip.com/map/france/mont-saint-michel
Provence-Alpes-Côte d&#x27;Azur,France,Europe,43.7614,6.3788,1,false,https://bestroadtrip.com/map/france/provence-alpes-cote-dazur
Vers-Pont-du-Gard,France,Europe,43.9476,4.5350,1,false,https://bestroadtrip.com/map/france/vers-pont-du-gard
Versailles,France,Europe,48.8049,2.1204,1,false,https://bestroadtrip.com/map/france/versailles
Vichy,France,Europe,46.1287,3.4264,1,false,https://bestroadtrip.com/map/france/vichy
Lourdes,Francia,Unknown,43.0915,-0.0457,1,false,https://bestroadtrip.com/map/france/lourdes
Gudauri,Georgia,Unknown,42.4781,44.4772,1,false,https://bestroadtrip.com/map/georgia/gudauri
Kakheti,Georgia,Unknown,41.6482,45.6906,1,false,https://bestroadtrip.com/map/georgia/kakheti
Garmisch-Partenkirchen,Germany,Europe,47.4211,10.9854,1,false,https://bestroadtrip.com/map/germany/garmisch-partenkirchen
Köln,Germany,Europe,50.9413,6.9583,1,false,https://bestroadtrip.com/map/germany/koln
Lohmen,Germany,Europe,50.9620,14.0728,1,false,https://bestroadtrip.com/map/germany/lohmen
Schwangau,Germany,Europe,47.5576,10.7498,1,false,https://bestroadtrip.com/map/germany/schwangau
Triberg im Schwarzwald,Germany,Europe,48.1284,8.2302,1,false,https://bestroadtrip.com/map/germany/triberg-im-schwarzwald
Atenas,Grécia,Unknown,37.9715,23.7257,1,false,https://bestroadtrip.com/map/greece/atenas
Athina,Grécia,Unknown,37.9755,23.7349,1,false,https://bestroadtrip.com/map/greece/athina
Agios Nikolaos,Greece,Europe,35.2566,25.7188,1,false,https://bestroadtrip.com/map/greece/agios-nikolaos
Oía,Greece,Europe,36.4617,25.3858,1,false,https://bestroadtrip.com/map/greece/oia
Paleochora,Greece,Europe,35.2305,23.6822,1,false,https://bestroadtrip.com/map/greece/paleochora
Antigua,Guatemala,North America,14.5572,-90.7331,1,false,https://bestroadtrip.com/map/guatemala/antigua
Atescatempa,Guatemala,North America,14.1786,-89.7311,1,false,https://bestroadtrip.com/map/guatemala/atescatempa
Seul,Güney Kore,Unknown,37.5503,126.9971,1,false,https://bestroadtrip.com/map/guney-kore/seul
Bláskógabyggð,Iceland,Europe,64.3275,-20.1218,1,true,https://bestroadtrip.com/map/iceland/blaskogabygg
Þórsmerkurvegur,Iceland,Europe,63.6663,-19.9167,1,true,https://bestroadtrip.com/map/iceland/orsmerkurvegur
Alappuzha,India,Asia,9.5239,76.3568,1,false,https://bestroadtrip.com/map/india/alappuzha
Aurangabad Division,India,Asia,20.5513,75.7069,1,false,https://bestroadtrip.com/map/india/aurangabad-division
Delhi,India,Asia,28.6394,77.2506,1,false,https://bestroadtrip.com/map/india/delhi
Devikulam,India,Asia,10.0447,77.1111,1,false,https://bestroadtrip.com/map/india/devikulam
Hampi,India,Asia,15.3351,76.4587,1,false,https://bestroadtrip.com/map/india/hampi
Jalalabad,India,Asia,30.6050,74.2558,1,false,https://bestroadtrip.com/map/india/jalalabad
Jodhpur,India,Asia,26.2986,73.0187,1,false,https://bestroadtrip.com/map/india/jodhpur
Kedarnath,India,Asia,30.7346,79.0669,1,false,https://bestroadtrip.com/map/india/kedarnath
Madurai,India,Asia,9.9195,78.1193,1,false,https://bestroadtrip.com/map/india/madurai
Mumbai,India,Asia,18.9823,72.8177,1,false,https://bestroadtrip.com/map/india/mumbai
Prayagraj,India,Asia,25.4220,81.8813,1,false,https://bestroadtrip.com/map/india/prayagraj
Pushkar,India,Asia,26.4906,74.5540,1,false,https://bestroadtrip.com/map/india/pushkar
Ranthambhore Fort,India,Asia,26.0189,76.4520,1,false,https://bestroadtrip.com/map/india/ranthambhore-fort
Sawai Madhopur,India,Asia,26.0177,76.3718,1,false,https://bestroadtrip.com/map/india/sawai-madhopur
Udaipur,India,Asia,24.5764,73.6835,1,false,https://bestroadtrip.com/map/india/udaipur
Verul,India,Asia,20.0268,75.1771,1,false,https://bestroadtrip.com/map/india/verul
Bandung Barat,Indonesia,Asia,-6.8349,107.6637,1,true,https://bestroadtrip.com/map/indonesia/bandung-barat
Batur,Indonesia,Asia,-8.2756,115.3667,1,true,https://bestroadtrip.com/map/indonesia/batur
Blitar Regency,Indonesia,Asia,-7.9350,112.3139,1,true,https://bestroadtrip.com/map/indonesia/blitar-regency
Boyolali Regency,Indonesia,Asia,-7.4835,110.4594,1,true,https://bestroadtrip.com/map/indonesia/boyolali-regency
Gianyar,Indonesia,Asia,-8.5194,115.2607,1,true,https://bestroadtrip.com/map/indonesia/gianyar
Gianyar Regency,Indonesia,Asia,-8.4383,115.2441,1,true,https://bestroadtrip.com/map/indonesia/gianyar-regency
Kabupaten Blitar,Indonesia,Asia,-8.3149,112.0898,1,true,https://bestroadtrip.com/map/indonesia/kabupaten-blitar
Kabupaten Kebumen,Indonesia,Asia,-7.6167,109.7771,1,true,https://bestroadtrip.com/map/indonesia/kabupaten-kebumen
Kabupaten Kendal,Indonesia,Asia,-7.1972,109.9322,1,true,https://bestroadtrip.com/map/indonesia/kabupaten-kendal
Kabupaten Lombok Utara,Indonesia,Asia,-8.3526,116.0434,1,true,https://bestroadtrip.com/map/indonesia/kabupaten-lombok-utara
Kabupaten Sumenep,Indonesia,Asia,-7.2033,114.0463,1,true,https://bestroadtrip.com/map/indonesia/kabupaten-sumenep
Karangasem,Indonesia,Asia,-8.5333,115.5833,1,true,https://bestroadtrip.com/map/indonesia/karangasem
Kota Mataram,Indonesia,Asia,-8.5824,116.1024,1,true,https://bestroadtrip.com/map/indonesia/kota-mataram
Kupang,Indonesia,Asia,-10.1772,123.6070,1,true,https://bestroadtrip.com/map/indonesia/kupang
Kupang Regency,Indonesia,Asia,-10.2246,123.5106,1,true,https://bestroadtrip.com/map/indonesia/kupang-regency
Kuta,Indonesia,Asia,-8.7178,115.1686,1,true,https://bestroadtrip.com/map/indonesia/kuta
Lembang,Indonesia,Asia,-6.8145,107.6230,1,true,https://bestroadtrip.com/map/indonesia/lembang
Lombok,Indonesia,Asia,-8.3515,116.0441,1,true,https://bestroadtrip.com/map/indonesia/lombok
Lovina,Indonesia,Asia,-8.1598,115.0286,1,true,https://bestroadtrip.com/map/indonesia/lovina
Mataram,Indonesia,Asia,-8.5770,116.1005,1,true,https://bestroadtrip.com/map/indonesia/mataram
Nusa Penida,Indonesia,Asia,-8.7337,115.4662,1,true,https://bestroadtrip.com/map/indonesia/nusa-penida
Pasuruan Regency,Indonesia,Asia,-7.9425,112.9530,1,true,https://bestroadtrip.com/map/indonesia/pasuruan-regency
Purwakarta Regency,Indonesia,Asia,-6.5950,107.3456,1,true,https://bestroadtrip.com/map/indonesia/purwakarta-regency
Sumbawa,Indonesia,Asia,-8.4937,117.4202,1,true,https://bestroadtrip.com/map/indonesia/sumbawa
Sumenep Regency,Indonesia,Asia,-6.9828,114.1736,1,true,https://bestroadtrip.com/map/indonesia/sumenep-regency
Tegallalang,Indonesia,Asia,-8.4352,115.2795,1,true,https://bestroadtrip.com/map/indonesia/tegallalang
West Nusa Tenggara,Indonesia,Asia,-8.6510,116.3249,1,true,https://bestroadtrip.com/map/indonesia/west-nusa-tenggara
Yogyakarta,Indonesia,Asia,-7.7520,110.4918,1,true,https://bestroadtrip.com/map/indonesia/yogyakarta
Dublin,Ireland,Europe,53.3419,-6.2869,1,true,https://bestroadtrip.com/map/ireland/dublin
Co,Irlanda,Unknown,53.1733,-6.4199,1,false,https://bestroadtrip.com/map/irlanda/co
County Dublin,Irlanda,Unknown,53.3395,-6.2715,1,false,https://bestroadtrip.com/map/irlanda/county-dublin
Dublin,Irlanda,Unknown,53.3449,-6.2675,1,false,https://bestroadtrip.com/map/irlanda/dublin
Enniskerry,Irlanda,Unknown,53.1843,-6.1867,1,false,https://bestroadtrip.com/map/irlanda/enniskerry
Beersheba,Israel,Asia,31.3143,35.3556,1,false,https://bestroadtrip.com/map/israel/beersheba
Haifa,Israel,Asia,32.8114,34.9853,1,false,https://bestroadtrip.com/map/israel/haifa
Mitzpe Ramon,Israel,Asia,30.6084,34.8066,1,false,https://bestroadtrip.com/map/israel/mitzpe-ramon
Amalfi,Italia,Unknown,40.6338,14.6028,1,false,https://bestroadtrip.com/map/italy/amalfi
Conca dei Marini,Italia,Unknown,40.6151,14.5670,1,false,https://bestroadtrip.com/map/italy/conca-dei-marini
Fano,Italia,Unknown,43.8427,13.0138,1,false,https://bestroadtrip.com/map/italy/fano
Florencia,Italia,Unknown,43.7700,11.2577,1,false,https://bestroadtrip.com/map/italy/florencia
Garbatella,Italia,Unknown,41.8672,12.4936,1,false,https://bestroadtrip.com/map/italy/garbatella
La Spezia,Italia,Unknown,44.1461,9.6439,1,false,https://bestroadtrip.com/map/italy/la-spezia
Molina,Italia,Unknown,40.6831,14.7219,1,false,https://bestroadtrip.com/map/italy/molina
Municipio Ostia Antica,Italia,Unknown,41.7581,12.2999,1,false,https://bestroadtrip.com/map/italy/municipio-ostia-antica
Nápoles,Italia,Unknown,40.8422,14.2469,1,false,https://bestroadtrip.com/map/italy/napoles
Salerno,Italia,Unknown,40.6813,14.7744,1,false,https://bestroadtrip.com/map/italy/salerno
Uta,Italia,Unknown,39.2901,8.9557,1,false,https://bestroadtrip.com/map/italy/uta
Venecia,Italia,Unknown,45.4854,12.4167,1,false,https://bestroadtrip.com/map/italy/venecia
Fiumicino,Itália,Unknown,41.7719,12.2334,1,false,https://bestroadtrip.com/map/italy/fiumicino
Milano,Itália,Unknown,45.4857,9.1905,1,false,https://bestroadtrip.com/map/italy/milano
Milão,Itália,Unknown,45.4789,9.1305,1,false,https://bestroadtrip.com/map/italy/milao
Aosta Valley,Italy,Europe,45.9766,7.6585,1,false,https://bestroadtrip.com/map/italy/aosta-valley
Atrani,Italy,Europe,40.6416,14.6074,1,false,https://bestroadtrip.com/map/italy/atrani
Autonomous Province of Bolzano – South Tyrol,Italy,Europe,46.6943,12.0854,1,false,https://bestroadtrip.com/map/italy/autonomous-province-of-bolzano-south-tyrol
Castelnuovo del Garda,Italy,Europe,45.4561,10.7191,1,false,https://bestroadtrip.com/map/italy/castelnuovo-del-garda
Como,Italy,Europe,45.8081,9.0852,1,false,https://bestroadtrip.com/map/italy/como
Cormons,Italy,Europe,45.9634,13.4933,1,false,https://bestroadtrip.com/map/italy/cormons
Courmayeur,Italy,Europe,45.7908,6.9651,1,false,https://bestroadtrip.com/map/italy/courmayeur
Genova,Italy,Europe,44.4243,8.8220,1,false,https://bestroadtrip.com/map/italy/genova
Lombardy,Italy,Europe,46.0160,9.2572,1,false,https://bestroadtrip.com/map/italy/lombardy
Matera,Italy,Europe,40.6649,16.6107,1,false,https://bestroadtrip.com/map/italy/matera
Pompei,Italy,Europe,40.7492,14.4954,1,false,https://bestroadtrip.com/map/italy/pompei
Portofino,Italy,Europe,44.3031,9.2097,1,false,https://bestroadtrip.com/map/italy/portofino
San Gimignano,Italy,Europe,43.4674,11.0422,1,false,https://bestroadtrip.com/map/italy/san-gimignano
Sorrento,Italy,Europe,40.6263,14.3758,1,false,https://bestroadtrip.com/map/italy/sorrento
Veneto,Italy,Europe,46.6187,12.3028,1,false,https://bestroadtrip.com/map/italy/veneto
8,Japan,Asia,35.3537,139.5320,1,true,https://bestroadtrip.com/map/japan/8
Chitose,Japan,Asia,42.7791,141.6866,1,true,https://bestroadtrip.com/map/japan/chitose
Fujisawa,Japan,Asia,35.2984,139.4756,1,true,https://bestroadtrip.com/map/japan/fujisawa
Fukuoka,Japan,Asia,33.5922,130.3973,1,true,https://bestroadtrip.com/map/japan/fukuoka
Futtsu,Japan,Asia,35.2480,139.9407,1,true,https://bestroadtrip.com/map/japan/futtsu
Hakone,Japan,Asia,35.2429,139.0423,1,true,https://bestroadtrip.com/map/japan/hakone
Hatsukaichi,Japan,Asia,34.2960,132.3198,1,true,https://bestroadtrip.com/map/japan/hatsukaichi
Higashiizu,Japan,Asia,34.7671,139.0344,1,true,https://bestroadtrip.com/map/japan/higashiizu
Hiroshima,Japan,Asia,34.3927,132.4522,1,true,https://bestroadtrip.com/map/japan/hiroshima
Hitachinaka,Japan,Asia,36.4059,140.5965,1,true,https://bestroadtrip.com/map/japan/hitachinaka
Kawasaki,Japan,Asia,35.6099,139.5736,1,true,https://bestroadtrip.com/map/japan/kawasaki
Kofu,Japan,Asia,35.7455,138.5676,1,true,https://bestroadtrip.com/map/japan/kofu
Nagatoro,Japan,Asia,36.0949,139.1128,1,true,https://bestroadtrip.com/map/japan/nagatoro
Nagoya,Japan,Asia,35.0905,136.8784,1,true,https://bestroadtrip.com/map/japan/nagoya
Niigata,Japan,Asia,37.9259,139.0404,1,true,https://bestroadtrip.com/map/japan/niigata
Shibukawa,Japan,Asia,36.4872,138.9382,1,true,https://bestroadtrip.com/map/japan/shibukawa
Sumida City,Japan,Asia,35.6963,139.8159,1,true,https://bestroadtrip.com/map/japan/sumida-city
Toyama,Japan,Asia,36.6901,137.2137,1,true,https://bestroadtrip.com/map/japan/toyama
Yamanashi,Japan,Asia,35.6895,138.6488,1,true,https://bestroadtrip.com/map/japan/yamanashi
Yamanochi,Japan,Asia,36.6815,138.5029,1,true,https://bestroadtrip.com/map/japan/yamanochi
Yokohama,Japan,Asia,35.4431,139.6441,1,true,https://bestroadtrip.com/map/japan/yokohama
Amman,Jordan,Asia,31.9518,35.9393,1,false,https://bestroadtrip.com/map/jordan/amman
Aqaba,Jordan,Asia,29.5321,35.0063,1,false,https://bestroadtrip.com/map/jordan/aqaba
Areedh Sub-District,Jordan,Asia,31.5000,35.5000,1,false,https://bestroadtrip.com/map/jordan/areedh-sub-district
Dhana,Jordan,Asia,30.6742,35.6084,1,false,https://bestroadtrip.com/map/jordan/dhana
monstry,Jordan,Asia,30.3382,35.4310,1,false,https://bestroadtrip.com/map/jordan/monstry
Petra District,Jordan,Asia,30.3221,35.4517,1,false,https://bestroadtrip.com/map/jordan/petra-district
Wadi Rum Village,Jordan,Asia,29.5345,35.4219,1,false,https://bestroadtrip.com/map/jordan/wadi-rum-village
Astana,Kazakhstan,Unknown,51.1282,71.4304,1,false,https://bestroadtrip.com/map/kazakhstan/astana
Mumias,Kenya,Africa,0.3332,34.4877,1,false,https://bestroadtrip.com/map/kenya/mumias
Nairobi,Kenya,Africa,-1.2648,36.8028,1,false,https://bestroadtrip.com/map/kenya/nairobi
Narok,Kenya,Africa,-1.5150,35.2539,1,false,https://bestroadtrip.com/map/kenya/narok
Narok County,Kenya,Africa,-1.5208,35.3374,1,false,https://bestroadtrip.com/map/kenya/narok-county
Altyn Arashan,Kyrgyzstan,Unknown,42.4192,78.5636,1,false,https://bestroadtrip.com/map/kyrgyzstan/altyn-arashan
Luangprabang,Laos,Asia,19.7496,101.9932,1,false,https://bestroadtrip.com/map/laos/luangprabang
Pak Beng,Laos,Asia,19.8990,101.1419,1,false,https://bestroadtrip.com/map/laos/pak-beng
Pak Ou,Laos,Asia,20.0486,102.2113,1,false,https://bestroadtrip.com/map/laos/pak-ou
Vilnius,Lituânia,Unknown,54.7399,25.2289,1,false,https://bestroadtrip.com/map/lithuania/vilnius
Nommern,Luxembourg,Europe,49.8153,6.1296,1,false,https://bestroadtrip.com/map/luxembourg/nommern
Waldbillig,Luxembourg,Europe,49.7904,6.3075,1,false,https://bestroadtrip.com/map/luxembourg/waldbillig
Cotai,Macao,Unknown,22.1458,113.5654,1,false,https://bestroadtrip.com/map/macao/cotai
Macau,Macao,Unknown,22.1975,113.5409,1,false,https://bestroadtrip.com/map/macao/macau
Bentong,Malaysia,Asia,3.4126,101.7881,1,false,https://bestroadtrip.com/map/malaysia/bentong
George Town,Malaysia,Asia,5.4122,100.3377,1,false,https://bestroadtrip.com/map/malaysia/george-town
Kundasang,Malaysia,Asia,6.0057,116.5421,1,false,https://bestroadtrip.com/map/malaysia/kundasang
Lanchang,Malaysia,Asia,3.5905,102.1448,1,false,https://bestroadtrip.com/map/malaysia/lanchang
Langkawi,Malaysia,Asia,6.3866,99.6620,1,false,https://bestroadtrip.com/map/malaysia/langkawi
Pahang,Malaysia,Asia,4.4481,101.4234,1,false,https://bestroadtrip.com/map/malaysia/pahang
Putrajaya,Malaysia,Asia,2.9352,101.6895,1,false,https://bestroadtrip.com/map/malaysia/putrajaya
Sandakan,Malaysia,Asia,5.8559,118.0722,1,false,https://bestroadtrip.com/map/malaysia/sandakan
Medhufaru,Maldives,Unknown,5.2826,73.0886,1,true,https://bestroadtrip.com/map/maldives/medhufaru
Ir-Rabat Għawdex,Malta,Europe,36.0466,14.2394,1,true,https://bestroadtrip.com/map/malta/ir-rabat-g-awdex
Qrendi,Malta,Europe,35.8209,14.4574,1,true,https://bestroadtrip.com/map/malta/qrendi
Al Haouz,Marruecos,Unknown,31.3438,-7.7514,1,false,https://bestroadtrip.com/map/morocco/al-haouz
Balaclava,Mauritius,Africa,-20.0835,57.5170,1,true,https://bestroadtrip.com/map/mauritius/balaclava
Bois Cheri,Mauritius,Africa,-20.4263,57.5257,1,true,https://bestroadtrip.com/map/mauritius/bois-cheri
Rivière Noire District,Mauritius,Africa,-20.2995,57.3634,1,true,https://bestroadtrip.com/map/mauritius/riviere-noire-district
Acapulco de Juárez,Mexico,North America,16.8503,-99.9176,1,false,https://bestroadtrip.com/map/mexico/acapulco-de-juarez
Cancún,Mexico,North America,21.1322,-86.7456,1,false,https://bestroadtrip.com/map/mexico/cancun
Chichén-Itzá,Mexico,North America,20.6791,-88.5683,1,false,https://bestroadtrip.com/map/mexico/chichen-itza
Guanajuato,Mexico,North America,21.0163,-101.2564,1,false,https://bestroadtrip.com/map/mexico/guanajuato
Oaxaca de Juárez,Mexico,North America,17.0658,-96.7232,1,false,https://bestroadtrip.com/map/mexico/oaxaca-de-juarez
Puerto Vallarta,Mexico,North America,20.6089,-105.2361,1,false,https://bestroadtrip.com/map/mexico/puerto-vallarta
Quintana Roo,Mexico,North America,20.4946,-87.7203,1,false,https://bestroadtrip.com/map/mexico/quintana-roo
San Juan Teotihuacán,Mexico,North America,19.6861,-98.8716,1,false,https://bestroadtrip.com/map/mexico/san-juan-teotihuacan
San Miguel de Allende,Mexico,North America,20.9136,-100.7438,1,false,https://bestroadtrip.com/map/mexico/san-miguel-de-allende
Valladolid,Mexico,North America,20.6989,-88.1246,1,false,https://bestroadtrip.com/map/mexico/valladolid
Valle de Guadalupe,Mexico,North America,32.0267,-116.5737,1,false,https://bestroadtrip.com/map/mexico/valle-de-guadalupe
Yucatan,Mexico,North America,20.6610,-88.5504,1,false,https://bestroadtrip.com/map/mexico/yucatan
Monaco,Monaco,Unknown,43.7348,7.4240,1,false,https://bestroadtrip.com/map/monaco/monaco
Monte Carlo,Monaco,Unknown,43.7396,7.4276,1,false,https://bestroadtrip.com/map/monaco/monte-carlo
Bečići,Montenegro,Europe,42.2842,18.8745,1,false,https://bestroadtrip.com/map/montenegro/becici
Budva,Montenegro,Europe,42.2911,18.8403,1,false,https://bestroadtrip.com/map/montenegro/budva
Cetinje,Montenegro,Europe,42.3943,18.9166,1,false,https://bestroadtrip.com/map/montenegro/cetinje
Cetinje Municipality,Montenegro,Europe,42.3671,18.9531,1,false,https://bestroadtrip.com/map/montenegro/cetinje-municipality
Herceg - Novi,Montenegro,Europe,42.4572,18.5315,1,false,https://bestroadtrip.com/map/montenegro/herceg-novi
Kotor,Montenegro,Europe,42.4247,18.7712,1,false,https://bestroadtrip.com/map/montenegro/kotor
Perast,Montenegro,Europe,42.4860,18.6983,1,false,https://bestroadtrip.com/map/montenegro/perast
Petrovac,Montenegro,Europe,42.2053,18.9458,1,false,https://bestroadtrip.com/map/montenegro/petrovac
Podgora,Montenegro,Europe,43.2117,19.1170,1,false,https://bestroadtrip.com/map/montenegro/podgora
Sveti Stefan,Montenegro,Europe,42.2515,18.8982,1,false,https://bestroadtrip.com/map/montenegro/sveti-stefan
Chefchaouen,Morocco,Africa,35.1686,-5.2636,1,false,https://bestroadtrip.com/map/morocco/chefchaouen
Fes,Morocco,Africa,34.0658,-4.9786,1,false,https://bestroadtrip.com/map/morocco/fes
Ifrane,Morocco,Africa,33.5272,-5.1172,1,false,https://bestroadtrip.com/map/morocco/ifrane
Imouzzer des Ida-Outanane,Morocco,Africa,30.5877,-9.5282,1,false,https://bestroadtrip.com/map/morocco/imouzzer-des-ida-outanane
Merzouga,Morocco,Africa,31.0802,-4.0134,1,false,https://bestroadtrip.com/map/morocco/merzouga
Moulay Idriss Zerhoun,Morocco,Africa,34.0542,-5.5263,1,false,https://bestroadtrip.com/map/morocco/moulay-idriss-zerhoun
Mandalay,Myanmar (Burma),Unknown,21.8929,96.0532,1,false,https://bestroadtrip.com/map/myanmar-burma/mandalay
Old Bagan,Myanmar (Burma),Unknown,21.1679,94.8562,1,false,https://bestroadtrip.com/map/myanmar-burma/old-bagan
Yangon,Myanmar (Burma),Unknown,16.7984,96.1496,1,false,https://bestroadtrip.com/map/myanmar-burma/yangon
Erongo Region,Namibia,Africa,-21.8247,15.1942,1,false,https://bestroadtrip.com/map/namibia/erongo-region
Hardap Region,Namibia,Africa,-24.7278,15.4726,1,false,https://bestroadtrip.com/map/namibia/hardap-region
Karas Region,Namibia,Africa,-27.7828,17.6068,1,false,https://bestroadtrip.com/map/namibia/karas-region
Kunene Region,Namibia,Africa,-19.0000,12.6667,1,false,https://bestroadtrip.com/map/namibia/kunene-region
Sossusvlei,Namibia,Africa,-24.7593,15.2924,1,false,https://bestroadtrip.com/map/namibia/sossusvlei
Badimalika,Nepal,Asia,29.4473,81.4938,1,false,https://bestroadtrip.com/map/nepal/badimalika
Bhaktapur,Nepal,Asia,27.6721,85.4283,1,false,https://bestroadtrip.com/map/nepal/bhaktapur
Chhokang,Nepal,Asia,28.4845,85.0275,1,false,https://bestroadtrip.com/map/nepal/chhokang
Chitwan District,Nepal,Asia,27.5533,84.3390,1,false,https://bestroadtrip.com/map/nepal/chitwan-district
Dadhuwa,Nepal,Asia,27.5815,85.9446,1,false,https://bestroadtrip.com/map/nepal/dadhuwa
Ghode Pani,Nepal,Asia,28.4002,83.6895,1,false,https://bestroadtrip.com/map/nepal/ghode-pani
Godawari,Nepal,Asia,27.5958,85.3812,1,false,https://bestroadtrip.com/map/nepal/godawari
Gokarneshwor,Nepal,Asia,27.8060,85.4556,1,false,https://bestroadtrip.com/map/nepal/gokarneshwor
Gorkha,Nepal,Asia,27.9842,84.6270,1,false,https://bestroadtrip.com/map/nepal/gorkha
Helambu,Nepal,Asia,28.0143,85.5692,1,false,https://bestroadtrip.com/map/nepal/helambu
Kageshwori Manohara,Nepal,Asia,27.7268,85.4102,1,false,https://bestroadtrip.com/map/nepal/kageshwori-manohara
Karyabinayak,Nepal,Asia,27.6297,85.3021,1,false,https://bestroadtrip.com/map/nepal/karyabinayak
Kharibot,Nepal,Asia,28.2034,84.6795,1,false,https://bestroadtrip.com/map/nepal/kharibot
Khumjung,Nepal,Asia,27.9882,86.9254,1,false,https://bestroadtrip.com/map/nepal/khumjung
Machhapuchchhre,Nepal,Asia,28.3904,83.9347,1,false,https://bestroadtrip.com/map/nepal/machhapuchchhre
Madi,Nepal,Asia,27.5193,84.3135,1,false,https://bestroadtrip.com/map/nepal/madi
Manung,Nepal,Asia,27.9678,84.2459,1,false,https://bestroadtrip.com/map/nepal/manung
Namarjung,Nepal,Asia,28.4182,84.1784,1,false,https://bestroadtrip.com/map/nepal/namarjung
Narchyang,Nepal,Asia,28.6485,83.7905,1,false,https://bestroadtrip.com/map/nepal/narchyang
Pokhara,Nepal,Asia,28.1992,83.9297,1,false,https://bestroadtrip.com/map/nepal/pokhara
Rasuwa,Nepal,Asia,28.1637,85.3369,1,false,https://bestroadtrip.com/map/nepal/rasuwa
Ratnanagar,Nepal,Asia,27.5751,84.4936,1,false,https://bestroadtrip.com/map/nepal/ratnanagar
Sindhupalchok,Nepal,Asia,28.0419,85.7178,1,false,https://bestroadtrip.com/map/nepal/sindhupalchok
Bennebroek,Netherlands,Europe,52.3282,4.5971,1,false,https://bestroadtrip.com/map/netherlands/bennebroek
Delft,Netherlands,Europe,52.0116,4.3571,1,false,https://bestroadtrip.com/map/netherlands/delft
Gouda,Netherlands,Europe,52.0115,4.7105,1,false,https://bestroadtrip.com/map/netherlands/gouda
Zaandam,Netherlands,Europe,52.4740,4.8227,1,false,https://bestroadtrip.com/map/netherlands/zaandam
Ahuriri Flat,New Zealand,Oceania,-46.4481,169.8169,1,true,https://bestroadtrip.com/map/new-zealand/ahuriri-flat
Fox Glacier,New Zealand,Oceania,-43.4627,170.0090,1,true,https://bestroadtrip.com/map/new-zealand/fox-glacier
Lake Tekapo,New Zealand,Oceania,-44.0040,170.4762,1,true,https://bestroadtrip.com/map/new-zealand/lake-tekapo
Manawatū-Whanganui,New Zealand,Oceania,-39.1417,175.6081,1,true,https://bestroadtrip.com/map/new-zealand/manawatu-whanganui
Matamata,New Zealand,Oceania,-37.8722,175.6832,1,true,https://bestroadtrip.com/map/new-zealand/matamata
Mt Cook National Park,New Zealand,Oceania,-43.7181,170.0940,1,true,https://bestroadtrip.com/map/new-zealand/mt-cook-national-park
Queenstown,New Zealand,Oceania,-45.0285,168.6562,1,true,https://bestroadtrip.com/map/new-zealand/queenstown
Rotorua,New Zealand,Oceania,-38.1632,176.2509,1,true,https://bestroadtrip.com/map/new-zealand/rotorua
Southland Region,New Zealand,Oceania,-44.6414,167.8974,1,true,https://bestroadtrip.com/map/new-zealand/southland-region
Waikato Region,New Zealand,Oceania,-36.8277,175.7900,1,true,https://bestroadtrip.com/map/new-zealand/waikato-region
Waitomo Caves,New Zealand,Oceania,-38.2607,175.1036,1,true,https://bestroadtrip.com/map/new-zealand/waitomo-caves
Wānaka,New Zealand,Oceania,-44.7000,169.0500,1,true,https://bestroadtrip.com/map/new-zealand/wanaka
Lekki,Nigeria,Africa,6.4476,3.4676,1,false,https://bestroadtrip.com/map/nigeria/lekki
Oslo,Norway,Europe,59.9416,10.7710,1,false,https://bestroadtrip.com/map/norway/oslo
Jabal Shams,Oman,Asia,23.2376,57.2649,1,false,https://bestroadtrip.com/map/oman/jabal-shams
Sur,Oman,Asia,22.5653,59.5066,1,false,https://bestroadtrip.com/map/oman/sur
Leiden,Países Bajos,Unknown,52.1636,4.4802,1,false,https://bestroadtrip.com/map/netherlands/leiden
Panama City,Panama,North America,8.9730,-79.5280,1,false,https://bestroadtrip.com/map/panama/panama-city
XF29+Q2PPanamá,Panama,North America,8.9519,-79.5324,1,false,https://bestroadtrip.com/map/panama/xf29-q2ppanama
Aguas Calientes,Peru,South America,-13.1581,-72.5314,1,false,https://bestroadtrip.com/map/peru/aguas-calientes
Ollantaytambo,Peru,South America,-13.2588,-72.2648,1,false,https://bestroadtrip.com/map/peru/ollantaytambo
Sacred Valley,Peru,South America,-13.3108,-72.1114,1,false,https://bestroadtrip.com/map/peru/sacred-valley
Anta,Perú,Unknown,-13.3794,-72.5844,1,false,https://bestroadtrip.com/map/peru/anta
Antioquía,Perú,Unknown,-12.0793,-76.5091,1,false,https://bestroadtrip.com/map/peru/antioquia
Miraflores,Perú,Unknown,-12.1261,-77.0335,1,false,https://bestroadtrip.com/map/peru/miraflores
Písac,Perú,Unknown,-13.4075,-71.8442,1,false,https://bestroadtrip.com/map/peru/pisac
Almeria,Philippines,Asia,11.6243,124.3702,1,true,https://bestroadtrip.com/map/philippines/almeria
Cagayan de Oro,Philippines,Asia,8.4822,124.6472,1,true,https://bestroadtrip.com/map/philippines/cagayan-de-oro
Cordova,Philippines,Asia,10.2426,123.9558,1,true,https://bestroadtrip.com/map/philippines/cordova
Davao City,Philippines,Asia,7.0702,125.6090,1,true,https://bestroadtrip.com/map/philippines/davao-city
Lapu-Lapu,Philippines,Asia,10.3210,124.0360,1,true,https://bestroadtrip.com/map/philippines/lapu-lapu
Limasawa,Philippines,Asia,9.9212,125.0897,1,true,https://bestroadtrip.com/map/philippines/limasawa
Manila,Philippines,Asia,14.5826,120.9723,1,true,https://bestroadtrip.com/map/philippines/manila
Manolo Fortich,Philippines,Asia,8.2059,124.8575,1,true,https://bestroadtrip.com/map/philippines/manolo-fortich
Matinloc Island,Philippines,Asia,11.1792,119.3661,1,true,https://bestroadtrip.com/map/philippines/matinloc-island
Oslob,Philippines,Asia,9.4891,123.3842,1,true,https://bestroadtrip.com/map/philippines/oslob
Paoay,Philippines,Asia,18.0945,120.4861,1,true,https://bestroadtrip.com/map/philippines/paoay
Siquijor,Philippines,Asia,9.2142,123.5144,1,true,https://bestroadtrip.com/map/philippines/siquijor
Albufeira,Portugal,Europe,37.0900,-8.2449,1,false,https://bestroadtrip.com/map/portugal/albufeira
São Vicente,Portugal,Europe,32.8376,-16.9802,1,false,https://bestroadtrip.com/map/portugal/sao-vicente
Viseu,Portugal,Europe,40.6981,-7.9208,1,false,https://bestroadtrip.com/map/portugal/viseu
Flamenco,Puerto Rico,Unknown,18.3280,-65.3153,1,true,https://bestroadtrip.com/map/puerto-rico/flamenco
Mameyes II,Puerto Rico,Unknown,18.3105,-65.7913,1,true,https://bestroadtrip.com/map/puerto-rico/mameyes-ii
Al Wakrah,Qatar,Asia,25.1807,51.6162,1,false,https://bestroadtrip.com/map/qatar/al-wakrah
Lusail,Qatar,Asia,25.3908,51.5304,1,false,https://bestroadtrip.com/map/qatar/lusail
Alnmouth,Reino Unido,Unknown,55.3902,-1.6129,1,false,https://bestroadtrip.com/map/united-kingdom/alnmouth
Belfast,Reino Unido,Unknown,54.6081,-5.9100,1,false,https://bestroadtrip.com/map/united-kingdom/belfast
Sinaia,Romania,Europe,45.3591,25.5422,1,false,https://bestroadtrip.com/map/romania/sinaia
Kinigi,Rwanda,Africa,-1.4322,29.5939,1,false,https://bestroadtrip.com/map/rwanda/kinigi
AlUla,Saudi Arabia,Asia,26.6086,37.9232,1,false,https://bestroadtrip.com/map/saudi-arabia/alula
Hegra,Saudi Arabia,Asia,26.8040,37.9573,1,false,https://bestroadtrip.com/map/saudi-arabia/hegra
Riyadh,Saudi Arabia,Asia,24.7136,46.6753,1,false,https://bestroadtrip.com/map/saudi-arabia/riyadh
Glasgow,Scotland,Unknown,55.8621,-4.2344,1,false,https://bestroadtrip.com/map/scotland/glasgow
Dakar,Senegal,Africa,14.6675,-17.3981,1,false,https://bestroadtrip.com/map/senegal/dakar
Bratislava,Slovakia,Europe,48.1478,17.1072,1,false,https://bestroadtrip.com/map/slovakia/bratislava
Durban,South Africa,Africa,-29.8686,31.0456,1,false,https://bestroadtrip.com/map/south-africa/durban
Ehlanzeni,South Africa,Africa,-24.8769,30.8882,1,false,https://bestroadtrip.com/map/south-africa/ehlanzeni
Ehlanzeni District Municipality,South Africa,Africa,-24.5912,30.8129,1,false,https://bestroadtrip.com/map/south-africa/ehlanzeni-district-municipality
Hermanus,South Africa,Africa,-34.4313,19.2260,1,false,https://bestroadtrip.com/map/south-africa/hermanus
Kirkwood,South Africa,Africa,-33.4450,25.7490,1,false,https://bestroadtrip.com/map/south-africa/kirkwood
Knysna,South Africa,Africa,-34.0768,23.0623,1,false,https://bestroadtrip.com/map/south-africa/knysna
Limpopo,South Africa,Africa,-23.9884,31.5547,1,false,https://bestroadtrip.com/map/south-africa/limpopo
Plettenberg Bay,South Africa,Africa,-34.0527,23.3716,1,false,https://bestroadtrip.com/map/south-africa/plettenberg-bay
Simon&#x27;s Town,South Africa,Africa,-34.1970,18.4511,1,false,https://bestroadtrip.com/map/south-africa/simons-town
Stormsrivier,South Africa,Africa,-33.9699,23.8820,1,false,https://bestroadtrip.com/map/south-africa/stormsrivier
Changwon-si,South Korea,Asia,35.1551,128.6594,1,false,https://bestroadtrip.com/map/south-korea/changwon-si
Cheju,South Korea,Asia,33.5282,126.7703,1,false,https://bestroadtrip.com/map/south-korea/cheju
Gijang,South Korea,Asia,35.1885,129.2231,1,false,https://bestroadtrip.com/map/south-korea/gijang
Gimpo-si,South Korea,Asia,37.5994,126.7856,1,false,https://bestroadtrip.com/map/south-korea/gimpo-si
Goyang-si,South Korea,Asia,37.6562,126.7799,1,false,https://bestroadtrip.com/map/south-korea/goyang-si
Haeundae,South Korea,Asia,35.1603,129.1613,1,false,https://bestroadtrip.com/map/south-korea/haeundae
Jung District,South Korea,Asia,37.5634,126.9841,1,false,https://bestroadtrip.com/map/south-korea/jung-district
Jungnang-gu,South Korea,Asia,37.5908,127.0948,1,false,https://bestroadtrip.com/map/south-korea/jungnang-gu
Paju-si,South Korea,Asia,37.7596,126.7778,1,false,https://bestroadtrip.com/map/south-korea/paju-si
Saha-gu,South Korea,Asia,35.0974,129.0106,1,false,https://bestroadtrip.com/map/south-korea/saha-gu
Seocho District,South Korea,Asia,37.5157,126.9960,1,false,https://bestroadtrip.com/map/south-korea/seocho-district
Seogwipo,South Korea,Asia,33.3606,126.5358,1,false,https://bestroadtrip.com/map/south-korea/seogwipo
Seoul,South Korea,Asia,37.5105,127.1041,1,false,https://bestroadtrip.com/map/south-korea/seoul
Songpa District,South Korea,Asia,37.5135,127.1049,1,false,https://bestroadtrip.com/map/south-korea/songpa-district
Almería,Spain,Europe,36.8131,-2.2114,1,false,https://bestroadtrip.com/map/spain/almeria
Catalonia,Spain,Europe,41.3784,2.1925,1,false,https://bestroadtrip.com/map/spain/catalonia
Córdoba,Spain,Europe,37.8789,-4.7794,1,false,https://bestroadtrip.com/map/spain/cordoba
Donostia / San Sebastián,Spain,Europe,43.3218,-1.9806,1,false,https://bestroadtrip.com/map/spain/donostia-san-sebastian
Llanes,Spain,Europe,43.4211,-4.7562,1,false,https://bestroadtrip.com/map/spain/llanes
Lloret de Mar,Spain,Europe,41.6999,2.8399,1,false,https://bestroadtrip.com/map/spain/lloret-de-mar
Málaga,Spain,Europe,36.7178,-4.4256,1,false,https://bestroadtrip.com/map/spain/malaga
Montserrat,Spain,Europe,41.5933,1.8376,1,false,https://bestroadtrip.com/map/spain/montserrat
Ronda,Spain,Europe,36.7407,-5.1659,1,false,https://bestroadtrip.com/map/spain/ronda
Santander,Spain,Europe,43.4636,-3.8226,1,false,https://bestroadtrip.com/map/spain/santander
Ambagollapathana,Sri Lanka,Asia,6.8775,81.0602,1,true,https://bestroadtrip.com/map/sri-lanka/ambagollapathana
Ella,Sri Lanka,Asia,6.8753,81.0460,1,true,https://bestroadtrip.com/map/sri-lanka/ella
Kandy,Sri Lanka,Asia,7.2936,80.6413,1,true,https://bestroadtrip.com/map/sri-lanka/kandy
Kataragama,Sri Lanka,Asia,6.4640,81.4719,1,true,https://bestroadtrip.com/map/sri-lanka/kataragama
Sigiriya,Sri Lanka,Asia,7.9571,80.7603,1,true,https://bestroadtrip.com/map/sri-lanka/sigiriya
Abisko,Sweden,Europe,68.3495,18.8312,1,false,https://bestroadtrip.com/map/sweden/abisko
Norrbottens län,Sweden,Europe,67.8499,20.5970,1,false,https://bestroadtrip.com/map/sweden/norrbottens-lan
Östermalm,Sweden,Europe,59.3280,18.0914,1,false,https://bestroadtrip.com/map/sweden/ostermalm
Stockholm,Sweden,Europe,59.3257,18.0719,1,false,https://bestroadtrip.com/map/sweden/stockholm
Vrångö,Sweden,Europe,57.5727,11.7830,1,false,https://bestroadtrip.com/map/sweden/vrango
Jungfraujoch,Switzerland,Europe,46.5475,7.9821,1,false,https://bestroadtrip.com/map/switzerland/jungfraujoch
Laufen-Uhwiesen,Switzerland,Europe,47.6780,8.6156,1,false,https://bestroadtrip.com/map/switzerland/laufen-uhwiesen
Luzern,Switzerland,Europe,47.0516,8.3075,1,false,https://bestroadtrip.com/map/switzerland/luzern
Sachseln,Switzerland,Europe,46.8179,8.2277,1,false,https://bestroadtrip.com/map/switzerland/sachseln
Alishan,Taiwan,Asia,23.5141,120.8020,1,true,https://bestroadtrip.com/map/taiwan/alishan
Dashu District,Taiwan,Asia,22.7549,120.4474,1,true,https://bestroadtrip.com/map/taiwan/dashu-district
New Taipei City,Taiwan,Asia,25.1097,121.8451,1,true,https://bestroadtrip.com/map/taiwan/new-taipei-city
Pingxi District,Taiwan,Asia,25.0468,121.7826,1,true,https://bestroadtrip.com/map/taiwan/pingxi-district
Tainan City,Taiwan,Asia,22.9922,120.2005,1,true,https://bestroadtrip.com/map/taiwan/tainan-city
Taipei,Taiwan,Asia,25.0505,121.5771,1,true,https://bestroadtrip.com/map/taiwan/taipei
Yuchi Township,Taiwan,Asia,23.8659,120.9157,1,true,https://bestroadtrip.com/map/taiwan/yuchi-township
Arusha Region,Tanzania,Africa,-3.0654,35.3818,1,false,https://bestroadtrip.com/map/tanzania/arusha-region
Serengeti,Tanzania,Africa,-1.8936,34.6857,1,false,https://bestroadtrip.com/map/tanzania/serengeti
Unguja North Region,Tanzania,Africa,-5.7238,39.2951,1,false,https://bestroadtrip.com/map/tanzania/unguja-north-region
Zanzibar,Tanzania,Africa,-6.1622,39.1921,1,false,https://bestroadtrip.com/map/tanzania/zanzibar
Ayutthaya,Thailand,Asia,14.3532,100.5436,1,false,https://bestroadtrip.com/map/thailand/ayutthaya
Ban Luang,Thailand,Asia,18.5409,98.5305,1,false,https://bestroadtrip.com/map/thailand/ban-luang
Ban Pao,Thailand,Asia,19.2029,99.1291,1,false,https://bestroadtrip.com/map/thailand/ban-pao
Bang Phra,Thailand,Asia,13.2156,101.0531,1,false,https://bestroadtrip.com/map/thailand/bang-phra
Bo Put,Thailand,Asia,9.5585,100.0314,1,false,https://bestroadtrip.com/map/thailand/bo-put
Chang Wat Surat Thani,Thailand,Asia,9.4201,99.9569,1,false,https://bestroadtrip.com/map/thailand/chang-wat-surat-thani
Chiang Dao,Thailand,Asia,19.3668,98.9291,1,false,https://bestroadtrip.com/map/thailand/chiang-dao
Chiang Saen,Thailand,Asia,20.3531,100.0857,1,false,https://bestroadtrip.com/map/thailand/chiang-saen
Khao Phang,Thailand,Asia,8.9767,98.8044,1,false,https://bestroadtrip.com/map/thailand/khao-phang
Ko Phi Phi,Thailand,Asia,7.6759,98.7654,1,false,https://bestroadtrip.com/map/thailand/ko-phi-phi
Ko Tao,Thailand,Asia,10.0612,99.8302,1,false,https://bestroadtrip.com/map/thailand/ko-tao
Koh Lanta,Thailand,Asia,7.6333,99.0833,1,false,https://bestroadtrip.com/map/thailand/koh-lanta
Koh Phangan,Thailand,Asia,9.7906,99.9943,1,false,https://bestroadtrip.com/map/thailand/koh-phangan
Krabi,Thailand,Asia,7.9822,98.8006,1,false,https://bestroadtrip.com/map/thailand/krabi
Krasom,Thailand,Asia,8.2244,98.5006,1,false,https://bestroadtrip.com/map/thailand/krasom
Lam Kaen,Thailand,Asia,8.5805,98.2336,1,false,https://bestroadtrip.com/map/thailand/lam-kaen
Maenam,Thailand,Asia,9.5587,99.9653,1,false,https://bestroadtrip.com/map/thailand/maenam
Mueang Kao,Thailand,Asia,17.0185,99.7087,1,false,https://bestroadtrip.com/map/thailand/mueang-kao
Pa O Don Chai,Thailand,Asia,19.8233,99.7627,1,false,https://bestroadtrip.com/map/thailand/pa-o-don-chai
Pa Tong,Thailand,Asia,7.8966,98.3021,1,false,https://bestroadtrip.com/map/thailand/pa-tong
Pai,Thailand,Asia,19.3586,98.4367,1,false,https://bestroadtrip.com/map/thailand/pai
Patong,Thailand,Asia,7.8905,98.2961,1,false,https://bestroadtrip.com/map/thailand/patong
Phang Nga,Thailand,Asia,8.2462,98.5293,1,false,https://bestroadtrip.com/map/thailand/phang-nga
Phi Phi Islands,Thailand,Asia,7.7407,98.7784,1,false,https://bestroadtrip.com/map/thailand/phi-phi-islands
Phra Nakhon,Thailand,Asia,13.7563,100.5018,1,false,https://bestroadtrip.com/map/thailand/phra-nakhon
Phra Nakhon Si Ayutthaya,Thailand,Asia,14.3304,100.5296,1,false,https://bestroadtrip.com/map/thailand/phra-nakhon-si-ayutthaya
Samaesan,Thailand,Asia,12.6156,100.9222,1,false,https://bestroadtrip.com/map/thailand/samaesan
Samoeng Tai,Thailand,Asia,18.7965,98.6601,1,false,https://bestroadtrip.com/map/thailand/samoeng-tai
Samut Prakan,Thailand,Asia,13.6291,100.5932,1,false,https://bestroadtrip.com/map/thailand/samut-prakan
Saphli,Thailand,Asia,10.5932,99.2799,1,false,https://bestroadtrip.com/map/thailand/saphli
Tambon Ban Luang,Thailand,Asia,18.5557,98.4825,1,false,https://bestroadtrip.com/map/thailand/tambon-ban-luang
Tambon Ban Pong,Thailand,Asia,18.8038,98.8197,1,false,https://bestroadtrip.com/map/thailand/tambon-ban-pong
Tambon Chong Kham,Thailand,Asia,19.2991,97.9687,1,false,https://bestroadtrip.com/map/thailand/tambon-chong-kham
Tambon Hua Hin,Thailand,Asia,12.5661,99.9452,1,false,https://bestroadtrip.com/map/thailand/tambon-hua-hin
Tambon Kamala,Thailand,Asia,7.9580,98.2874,1,false,https://bestroadtrip.com/map/thailand/tambon-kamala
Tambon Ko Yao Noi,Thailand,Asia,8.1075,98.6228,1,false,https://bestroadtrip.com/map/thailand/tambon-ko-yao-noi
Tambon Koh Chang Tai,Thailand,Asia,12.0215,102.3882,1,false,https://bestroadtrip.com/map/thailand/tambon-koh-chang-tai
Tambon Nang Lae,Thailand,Asia,19.9920,99.8608,1,false,https://bestroadtrip.com/map/thailand/tambon-nang-lae
Tambon Pak Nam Pran,Thailand,Asia,12.4536,99.9817,1,false,https://bestroadtrip.com/map/thailand/tambon-pak-nam-pran
Tambon Phe,Thailand,Asia,12.5583,101.4511,1,false,https://bestroadtrip.com/map/thailand/tambon-phe
Tambon Pong,Thailand,Asia,12.9357,100.9583,1,false,https://bestroadtrip.com/map/thailand/tambon-pong
Tambon Rawai,Thailand,Asia,7.7642,98.3062,1,false,https://bestroadtrip.com/map/thailand/tambon-rawai
Tambon Rim Kok,Thailand,Asia,19.9234,99.8419,1,false,https://bestroadtrip.com/map/thailand/tambon-rim-kok
Tambon Talat Nuea,Thailand,Asia,7.8818,98.3868,1,false,https://bestroadtrip.com/map/thailand/tambon-talat-nuea
Tambon Wichit,Thailand,Asia,7.8922,98.3806,1,false,https://bestroadtrip.com/map/thailand/tambon-wichit
Wiang Nuea,Thailand,Asia,19.3644,98.4497,1,false,https://bestroadtrip.com/map/thailand/wiang-nuea
Istanbul,Turkey,Asia,41.0176,28.9711,1,false,https://bestroadtrip.com/map/turkey/istanbul
Kaş,Turkey,Asia,36.2411,29.4181,1,false,https://bestroadtrip.com/map/turkey/kas
Nevşehir,Türkiye,Unknown,38.6587,34.8532,1,false,https://bestroadtrip.com/map/turkey/nevsehir
Al Ain,United Arab Emirates,Asia,24.2170,55.7703,1,false,https://bestroadtrip.com/map/united-arab-emirates/al-ain
Wadi Shehah,United Arab Emirates,Asia,25.9437,56.1424,1,false,https://bestroadtrip.com/map/united-arab-emirates/wadi-shehah
Bath,United Kingdom,Europe,51.3811,-2.3590,1,true,https://bestroadtrip.com/map/united-kingdom/bath
Bellahouston,United Kingdom,Europe,55.8310,-4.3125,1,true,https://bestroadtrip.com/map/united-kingdom/bellahouston
Berkshire,United Kingdom,Europe,51.4839,-0.6044,1,true,https://bestroadtrip.com/map/united-kingdom/berkshire
Cardiff,United Kingdom,Europe,51.4837,-3.1681,1,true,https://bestroadtrip.com/map/united-kingdom/cardiff
Chinatown,United Kingdom,Europe,51.5118,-0.1311,1,true,https://bestroadtrip.com/map/united-kingdom/chinatown
Conwy Principal Area,United Kingdom,Europe,53.2801,-3.8256,1,true,https://bestroadtrip.com/map/united-kingdom/conwy-principal-area
Drumnadrochit,United Kingdom,Europe,57.3241,-4.4420,1,true,https://bestroadtrip.com/map/united-kingdom/drumnadrochit
Glencoe,United Kingdom,Europe,56.6826,-5.1023,1,true,https://bestroadtrip.com/map/united-kingdom/glencoe
Grangemouth,United Kingdom,Europe,56.0190,-3.7554,1,true,https://bestroadtrip.com/map/united-kingdom/grangemouth
Hope Valley,United Kingdom,Europe,53.3462,-1.7977,1,true,https://bestroadtrip.com/map/united-kingdom/hope-valley
Kyle of Lochalsh,United Kingdom,Europe,57.2739,-5.5162,1,true,https://bestroadtrip.com/map/united-kingdom/kyle-of-lochalsh
Leavesden,United Kingdom,Europe,51.6903,-0.4182,1,true,https://bestroadtrip.com/map/united-kingdom/leavesden
Leeds,United Kingdom,Europe,53.7952,-1.5406,1,true,https://bestroadtrip.com/map/united-kingdom/leeds
Liverpool,United Kingdom,Europe,53.4042,-2.9956,1,true,https://bestroadtrip.com/map/united-kingdom/liverpool
Oxford,United Kingdom,Europe,51.7548,-1.2544,1,true,https://bestroadtrip.com/map/united-kingdom/oxford
Sheffield,United Kingdom,Europe,53.3811,-1.4701,1,true,https://bestroadtrip.com/map/united-kingdom/sheffield
Sligachan,United Kingdom,Europe,57.2898,-6.1733,1,true,https://bestroadtrip.com/map/united-kingdom/sligachan
Stirling,United Kingdom,Europe,56.0986,-4.5211,1,true,https://bestroadtrip.com/map/united-kingdom/stirling
Stranocum,United Kingdom,Europe,55.1347,-6.3808,1,true,https://bestroadtrip.com/map/united-kingdom/stranocum
Westmorland and Furness,United Kingdom,Europe,54.3732,-3.0785,1,true,https://bestroadtrip.com/map/united-kingdom/westmorland-and-furness
Wiltshire,United Kingdom,Europe,51.1843,-1.8574,1,true,https://bestroadtrip.com/map/united-kingdom/wiltshire
Anaheim,United States,North America,33.8121,-117.9190,1,false,https://bestroadtrip.com/map/united-states/anaheim
Arlington,United States,North America,38.8769,-77.0708,1,false,https://bestroadtrip.com/map/united-states/arlington
Ashford,United States,North America,46.7494,-121.8135,1,false,https://bestroadtrip.com/map/united-states/ashford
Augusta,United States,North America,33.5029,-82.0197,1,false,https://bestroadtrip.com/map/united-states/augusta
Bar Harbor,United States,North America,44.3526,-68.2251,1,false,https://bestroadtrip.com/map/united-states/bar-harbor
Boston,United States,North America,42.3630,-71.0561,1,false,https://bestroadtrip.com/map/united-states/boston
Bryson City,United States,North America,35.5629,-83.4983,1,false,https://bestroadtrip.com/map/united-states/bryson-city
Buxton,United States,North America,35.2505,-75.5288,1,false,https://bestroadtrip.com/map/united-states/buxton
Cannon Beach,United States,North America,45.8841,-123.9685,1,false,https://bestroadtrip.com/map/united-states/cannon-beach
Charleston,United States,North America,32.7754,-79.9273,1,false,https://bestroadtrip.com/map/united-states/charleston
Chatham,United States,North America,41.7159,-69.9286,1,false,https://bestroadtrip.com/map/united-states/chatham
Cherokee,United States,North America,35.5121,-83.2941,1,false,https://bestroadtrip.com/map/united-states/cherokee
Clallam County,United States,North America,47.9331,-123.4096,1,false,https://bestroadtrip.com/map/united-states/clallam-county
Colorado Springs,United States,North America,38.8718,-104.8862,1,false,https://bestroadtrip.com/map/united-states/colorado-springs
CRATER LAKE,United States,North America,42.9099,-122.1409,1,false,https://bestroadtrip.com/map/united-states/crater-lake
Crazy Horse,United States,North America,43.8366,-103.6234,1,false,https://bestroadtrip.com/map/united-states/crazy-horse
Dana Point,United States,North America,33.4748,-117.7201,1,false,https://bestroadtrip.com/map/united-states/dana-point
Ewing,United States,North America,36.6052,-83.6672,1,false,https://bestroadtrip.com/map/united-states/ewing
Fort Lauderdale,United States,North America,26.0987,-80.1373,1,false,https://bestroadtrip.com/map/united-states/fort-lauderdale
Gettysburg,United States,North America,39.8116,-77.2260,1,false,https://bestroadtrip.com/map/united-states/gettysburg
Grand Canyon Village,United States,North America,36.0570,-112.1401,1,false,https://bestroadtrip.com/map/united-states/grand-canyon-village
Hilton Head Island,United States,North America,32.1416,-80.7511,1,false,https://bestroadtrip.com/map/united-states/hilton-head-island
Hollywood,United States,North America,26.0099,-80.1591,1,false,https://bestroadtrip.com/map/united-states/hollywood
Jackson,United States,North America,43.4800,-110.7618,1,false,https://bestroadtrip.com/map/united-states/jackson
Kauai County,United States,North America,22.1682,-159.6577,1,false,https://bestroadtrip.com/map/united-states/kauai-county
Keystone,United States,North America,43.8803,-103.4538,1,false,https://bestroadtrip.com/map/united-states/keystone
Larimer County,United States,North America,40.3134,-105.6482,1,false,https://bestroadtrip.com/map/united-states/larimer-county
Los Angeles County,United States,North America,34.1371,-118.3533,1,false,https://bestroadtrip.com/map/united-states/los-angeles-county
Mackinac Island,United States,North America,45.8511,-84.6262,1,false,https://bestroadtrip.com/map/united-states/mackinac-island
Malibu,United States,North America,34.0259,-118.7798,1,false,https://bestroadtrip.com/map/united-states/malibu
Maui County,United States,North America,20.7204,-156.1552,1,false,https://bestroadtrip.com/map/united-states/maui-county
Miami Beach,United States,North America,25.7827,-80.1303,1,false,https://bestroadtrip.com/map/united-states/miami-beach
Missouri,United States,North America,38.1380,-92.8104,1,false,https://bestroadtrip.com/map/united-states/missouri
Multnomah County,United States,North America,45.5762,-122.1158,1,false,https://bestroadtrip.com/map/united-states/multnomah-county
Napa,United States,North America,38.3024,-122.2836,1,false,https://bestroadtrip.com/map/united-states/napa
Nashville,United States,North America,36.1604,-86.7784,1,false,https://bestroadtrip.com/map/united-states/nashville
Oljato-Monument Valley,United States,North America,36.9914,-110.1939,1,false,https://bestroadtrip.com/map/united-states/oljato-monument-valley
Orlando,United States,North America,28.5677,-81.2887,1,false,https://bestroadtrip.com/map/united-states/orlando
Page,United States,North America,36.9771,-111.4840,1,false,https://bestroadtrip.com/map/united-states/page
Pitkin County,United States,North America,39.0969,-106.9451,1,false,https://bestroadtrip.com/map/united-states/pitkin-county
Pocantico Hills,United States,North America,41.1031,-73.8296,1,false,https://bestroadtrip.com/map/united-states/pocantico-hills
San Francisco,United States,North America,37.8199,-122.4783,1,false,https://bestroadtrip.com/map/united-states/san-francisco
Santa Monica,United States,North America,34.0083,-118.4988,1,false,https://bestroadtrip.com/map/united-states/santa-monica
Sausalito,United States,North America,37.8323,-122.4799,1,false,https://bestroadtrip.com/map/united-states/sausalito
South Lake Tahoe,United States,North America,38.9601,-120.0969,1,false,https://bestroadtrip.com/map/united-states/south-lake-tahoe
Springfield,United States,North America,37.2090,-93.2923,1,false,https://bestroadtrip.com/map/united-states/springfield
Suffolk County,United States,North America,40.9433,-72.1936,1,false,https://bestroadtrip.com/map/united-states/suffolk-county
Tarrytown,United States,North America,41.1031,-73.8292,1,false,https://bestroadtrip.com/map/united-states/tarrytown
Teton County,United States,North America,44.4605,-110.8281,1,false,https://bestroadtrip.com/map/united-states/teton-county
Townsend,United States,North America,35.6065,-83.7741,1,false,https://bestroadtrip.com/map/united-states/townsend
Wantagh,United States,North America,40.5963,-73.5152,1,false,https://bestroadtrip.com/map/united-states/wantagh
West Glacier,United States,North America,48.5027,-113.9886,1,false,https://bestroadtrip.com/map/united-states/west-glacier
White Plains,United States,North America,41.0307,-73.7661,1,false,https://bestroadtrip.com/map/united-states/white-plains
Yavapai County,United States,North America,34.8200,-111.7932,1,false,https://bestroadtrip.com/map/united-states/yavapai-county
Punta del Este,Uruguay,South America,-34.9361,-54.9378,1,false,https://bestroadtrip.com/map/uruguay/punta-del-este
Città del Vaticano,Vatican City,Unknown,41.9022,12.4539,1,false,https://bestroadtrip.com/map/vatican-city/citta-del-vaticano
Vatican City,Vaticano,Unknown,41.9029,12.4534,1,false,https://bestroadtrip.com/map/vaticano/vatican-city
Ha Long,Vietnam,Asia,20.9101,107.1839,1,false,https://bestroadtrip.com/map/vietnam/ha-long
Hanoi,Vietnam,Asia,21.0285,105.8491,1,false,https://bestroadtrip.com/map/vietnam/hanoi
Hòa Thắng,Vietnam,Asia,11.1124,108.4859,1,false,https://bestroadtrip.com/map/vietnam/hoa-thang
Hoi An,Vietnam,Asia,15.8794,108.3350,1,false,https://bestroadtrip.com/map/vietnam/hoi-an
Lâm Viên - Đà Lạt,Vietnam,Asia,11.9502,108.4498,1,false,https://bestroadtrip.com/map/vietnam/lam-vien-a-lat
Mũi Né,Vietnam,Asia,10.9534,108.2168,1,false,https://bestroadtrip.com/map/vietnam/mui-ne
My Tho,Vietnam,Asia,10.3601,106.3656,1,false,https://bestroadtrip.com/map/vietnam/my-tho
Phu Quoc,Vietnam,Asia,10.3631,103.8518,1,false,https://bestroadtrip.com/map/vietnam/phu-quoc
Xuan Huong - Da Lat,Vietnam,Asia,11.9030,108.4475,1,false,https://bestroadtrip.com/map/vietnam/xuan-huong-da-lat
Xuân Hương - Đà Lạt,Vietnam,Asia,11.9414,108.4373,1,false,https://bestroadtrip.com/map/vietnam/xuan-huong-a-lat
Xuan Truong - Da Lat,Vietnam,Asia,11.9410,108.4836,1,false,https://bestroadtrip.com/map/vietnam/xuan-truong-da-lat
Xuân Trường - Đà Lạt,Vietnam,Asia,11.8612,108.5671,1,false,https://bestroadtrip.com/map/vietnam/xuan-truong-a-lat
Asma,Yemen,Unknown,12.4916,54.0206,1,false,https://bestroadtrip.com/map/yemen/asma
Siqirah,Yemen,Unknown,12.5907,54.3133,1,false,https://bestroadtrip.com/map/yemen/siqirah
Socotra,Yemen,Unknown,12.7100,53.5007,1,false,https://bestroadtrip.com/map/yemen/socotra
Livingstone,Zambia,Unknown,-17.9234,25.8549,1,false,https://bestroadtrip.com/map/zambia/livingstone
Victoria Falls,Zimbabwe,Africa,-17.9316,25.8302,1,false,https://bestroadtrip.com/map/zimbabwe/victoria-falls
